time;Pertubation;init_TGFb;Assay;name;value;sigma;lloq
0;Ctrl;0;main;SMAD7_mRNA_obs;-0.954919997678032;0.158243363842216;-Inf
0;Ctrl;0;main;SMAD7_mRNA_obs;-0.856628956943211;0.158243363842216;-Inf
0;Ctrl;0;main;SMAD7_mRNA_obs;-0.812495812120948;0.158243363842216;-Inf
60;Ctrl;1;main;SMAD7_mRNA_obs;2.92593156435432;0.158243363842216;-Inf
60;Ctrl;1;main;SMAD7_mRNA_obs;2.9368726556129;0.158243363842216;-Inf
60;Ctrl;1;main;SMAD7_mRNA_obs;2.78542854511488;0.158243363842216;-Inf
360;Ctrl;1;main;SMAD7_mRNA_obs;1.99243563912061;0.158243363842216;-Inf
360;Ctrl;1;main;SMAD7_mRNA_obs;1.77331099385475;0.158243363842216;-Inf
360;Ctrl;1;main;SMAD7_mRNA_obs;1.90757651673449;0.158243363842216;-Inf
480;Ctrl;1;main;SMAD7_mRNA_obs;1.99581879065466;0.158243363842216;-Inf
480;Ctrl;1;main;SMAD7_mRNA_obs;2.02461594882827;0.158243363842216;-Inf
480;Ctrl;1;main;SMAD7_mRNA_obs;2.30416545927786;0.158243363842216;-Inf
0;R1Knd;0;main;SMAD7_mRNA_obs;-0.994065176885753;0.158243363842216;-Inf
0;R1Knd;0;main;SMAD7_mRNA_obs;-1.00863601139754;0.158243363842216;-Inf
0;R1Knd;0;main;SMAD7_mRNA_obs;-0.863157497895564;0.158243363842216;-Inf
60;R1Knd;1;main;SMAD7_mRNA_obs;1.85962727188518;0.158243363842216;-Inf
60;R1Knd;1;main;SMAD7_mRNA_obs;2.15891712225597;0.158243363842216;-Inf
60;R1Knd;1;main;SMAD7_mRNA_obs;2.01527815713993;0.158243363842216;-Inf
360;R1Knd;1;main;SMAD7_mRNA_obs;0.745123128676005;0.158243363842216;-Inf
360;R1Knd;1;main;SMAD7_mRNA_obs;0.710783442945961;0.158243363842216;-Inf
360;R1Knd;1;main;SMAD7_mRNA_obs;0.895332835114214;0.158243363842216;-Inf
480;R1Knd;1;main;SMAD7_mRNA_obs;0.585215031613591;0.158243363842216;-Inf
480;R1Knd;1;main;SMAD7_mRNA_obs;1.04000731830672;0.158243363842216;-Inf
480;R1Knd;1;main;SMAD7_mRNA_obs;0.753153001060788;0.158243363842216;-Inf
0;R2Knd;0;main;SMAD7_mRNA_obs;-0.840614784891191;0.158243363842216;-Inf
0;R2Knd;0;main;SMAD7_mRNA_obs;-0.927556115110441;0.158243363842216;-Inf
0;R2Knd;0;main;SMAD7_mRNA_obs;-1.05583388497912;0.158243363842216;-Inf
60;R2Knd;1;main;SMAD7_mRNA_obs;2.17061102751503;0.158243363842216;-Inf
60;R2Knd;1;main;SMAD7_mRNA_obs;1.90123367502057;0.158243363842216;-Inf
60;R2Knd;1;main;SMAD7_mRNA_obs;1.53656367269786;0.158243363842216;-Inf
360;R2Knd;1;main;SMAD7_mRNA_obs;1.08072025666109;0.158243363842216;-Inf
360;R2Knd;1;main;SMAD7_mRNA_obs;0.958051241410119;0.158243363842216;-Inf
360;R2Knd;1;main;SMAD7_mRNA_obs;0.958864962960486;0.158243363842216;-Inf
480;R2Knd;1;main;SMAD7_mRNA_obs;1.21037109267266;0.158243363842216;-Inf
480;R2Knd;1;main;SMAD7_mRNA_obs;1.56454466572408;0.158243363842216;-Inf
480;R2Knd;1;main;SMAD7_mRNA_obs;1.52335422068881;0.158243363842216;-Inf
0;Ctrl;0;main;TGFBR1_mRNA_obs;0.803442921482562;0.171298831486314;-Inf
0;Ctrl;0;main;TGFBR1_mRNA_obs;0.753614869398817;0.171298831486314;-Inf
0;Ctrl;0;main;TGFBR1_mRNA_obs;0.671797470745872;0.171298831486314;-Inf
0;Ctrl;0;main;TGFBR1_mRNA_obs;0.724611673128329;0.171298831486314;-Inf
0;Ctrl;0;main;TGFBR1_mRNA_obs;0.670930510416554;0.171298831486314;-Inf
0;Ctrl;0;main;TGFBR1_mRNA_obs;0.465072515529246;0.171298831486314;-Inf
0;Ctrl;0;main;TGFBR1_mRNA_obs;0.489049428897628;0.171298831486314;-Inf
0;Ctrl;0;main;TGFBR1_mRNA_obs;0.40350334189971;0.171298831486314;-Inf
0;Ctrl;0;main;TGFBR1_mRNA_obs;0.377394751588269;0.171298831486314;-Inf
60;Ctrl;1;main;TGFBR1_mRNA_obs;0.484061926745698;0.171298831486314;-Inf
60;Ctrl;1;main;TGFBR1_mRNA_obs;0.494088469179033;0.171298831486314;-Inf
60;Ctrl;1;main;TGFBR1_mRNA_obs;0.450248636014833;0.171298831486314;-Inf
360;Ctrl;1;main;TGFBR1_mRNA_obs;0.781580339969735;0.171298831486314;-Inf
360;Ctrl;1;main;TGFBR1_mRNA_obs;0.837529895611713;0.171298831486314;-Inf
360;Ctrl;1;main;TGFBR1_mRNA_obs;0.576732335644859;0.171298831486314;-Inf
360;Ctrl;1;main;TGFBR1_mRNA_obs;0.879740193419891;0.171298831486314;-Inf
360;Ctrl;1;main;TGFBR1_mRNA_obs;0.751821304220192;0.171298831486314;-Inf
360;Ctrl;1;main;TGFBR1_mRNA_obs;0.751581030844259;0.171298831486314;-Inf
480;Ctrl;1;main;TGFBR1_mRNA_obs;0.909499195829492;0.171298831486314;-Inf
480;Ctrl;1;main;TGFBR1_mRNA_obs;0.778338069631147;0.171298831486314;-Inf
480;Ctrl;1;main;TGFBR1_mRNA_obs;0.807204901781013;0.171298831486314;-Inf
480;Ctrl;1;main;TGFBR1_mRNA_obs;1.02361445574001;0.171298831486314;-Inf
480;Ctrl;1;main;TGFBR1_mRNA_obs;0.954176679176861;0.171298831486314;-Inf
480;Ctrl;1;main;TGFBR1_mRNA_obs;1.17424861515198;0.171298831486314;-Inf
480;Ctrl;1;main;TGFBR1_mRNA_obs;1.10478497248843;0.171298831486314;-Inf
480;Ctrl;1;main;TGFBR1_mRNA_obs;1.08126660936194;0.171298831486314;-Inf
1440;Ctrl;1;main;TGFBR1_mRNA_obs;1.86946172429154;0.171298831486314;-Inf
1440;Ctrl;1;main;TGFBR1_mRNA_obs;1.49934604029592;0.171298831486314;-Inf
1440;Ctrl;1;main;TGFBR1_mRNA_obs;1.49534808541372;0.171298831486314;-Inf
360;Ctrl;10;main;TGFBR1_mRNA_obs;0.85751040813568;0.171298831486314;-Inf
360;Ctrl;10;main;TGFBR1_mRNA_obs;0.459447462195412;0.171298831486314;-Inf
360;Ctrl;10;main;TGFBR1_mRNA_obs;0.762487508313231;0.171298831486314;-Inf
480;Ctrl;10;main;TGFBR1_mRNA_obs;0.730046501886143;0.171298831486314;-Inf
480;Ctrl;10;main;TGFBR1_mRNA_obs;1.14952599512334;0.171298831486314;-Inf
1440;Ctrl;10;main;TGFBR1_mRNA_obs;1.49986874981492;0.171298831486314;-Inf
1440;Ctrl;10;main;TGFBR1_mRNA_obs;2.20355828805472;0.171298831486314;-Inf
1440;Ctrl;10;main;TGFBR1_mRNA_obs;1.61820145800425;0.171298831486314;-Inf
0;OE_R1_noninducible;0;main;TGFBR1_mRNA_obs;5.29732792563996;0.171298831486314;-Inf
0;OE_R1_noninducible;0;main;TGFBR1_mRNA_obs;5.11668145232373;0.171298831486314;-Inf
0;OE_R1_noninducible;0;main;TGFBR1_mRNA_obs;4.88593146170025;0.171298831486314;-Inf
480;OE_R1_noninducible;1;main;TGFBR1_mRNA_obs;5.3747172385108;0.171298831486314;-Inf
480;OE_R1_noninducible;1;main;TGFBR1_mRNA_obs;5.28066669537216;0.171298831486314;-Inf
480;OE_R1_noninducible;1;main;TGFBR1_mRNA_obs;5.28899257825068;0.171298831486314;-Inf
0;OE_R2_noninducible;0;main;TGFBR1_mRNA_obs;2.20952774418959;0.171298831486314;-Inf
0;OE_R2_noninducible;0;main;TGFBR1_mRNA_obs;1.78043624946001;0.171298831486314;-Inf
0;OE_R2_noninducible;0;main;TGFBR1_mRNA_obs;2.03710095918117;0.171298831486314;-Inf
480;OE_R2_noninducible;1;main;TGFBR1_mRNA_obs;2.04061708211642;0.171298831486314;-Inf
480;OE_R2_noninducible;1;main;TGFBR1_mRNA_obs;1.67024294517782;0.171298831486314;-Inf
480;OE_R2_noninducible;1;main;TGFBR1_mRNA_obs;1.8877214477156;0.171298831486314;-Inf
0;R1Knd;0;main;TGFBR1_mRNA_obs;-1.5156336318887;0.171298831486314;-Inf
0;R1Knd;0;main;TGFBR1_mRNA_obs;-1.6174272579208;0.171298831486314;-Inf
0;R1Knd;0;main;TGFBR1_mRNA_obs;-1.22145273062434;0.171298831486314;-Inf
60;R1Knd;1;main;TGFBR1_mRNA_obs;-1.61788465949359;0.171298831486314;-Inf
60;R1Knd;1;main;TGFBR1_mRNA_obs;-1.20501287503404;0.171298831486314;-Inf
60;R1Knd;1;main;TGFBR1_mRNA_obs;-1.43170920371583;0.171298831486314;-Inf
360;R1Knd;1;main;TGFBR1_mRNA_obs;-0.969263407569846;0.171298831486314;-Inf
360;R1Knd;1;main;TGFBR1_mRNA_obs;-1.14746591619556;0.171298831486314;-Inf
360;R1Knd;1;main;TGFBR1_mRNA_obs;-1.01708690793234;0.171298831486314;-Inf
480;R1Knd;1;main;TGFBR1_mRNA_obs;-1.14244044148532;0.171298831486314;-Inf
480;R1Knd;1;main;TGFBR1_mRNA_obs;-0.728317696076288;0.171298831486314;-Inf
480;R1Knd;1;main;TGFBR1_mRNA_obs;-0.926148985342869;0.171298831486314;-Inf
0;R2Knd;0;main;TGFBR1_mRNA_obs;0.366530819896034;0.171298831486314;-Inf
0;R2Knd;0;main;TGFBR1_mRNA_obs;0.24809273480661;0.171298831486314;-Inf
0;R2Knd;0;main;TGFBR1_mRNA_obs;0.321314992706359;0.171298831486314;-Inf
60;R2Knd;1;main;TGFBR1_mRNA_obs;0.522134667304408;0.171298831486314;-Inf
60;R2Knd;1;main;TGFBR1_mRNA_obs;0.560797476828119;0.171298831486314;-Inf
60;R2Knd;1;main;TGFBR1_mRNA_obs;0.341561792630727;0.171298831486314;-Inf
360;R2Knd;1;main;TGFBR1_mRNA_obs;0.964094245202938;0.171298831486314;-Inf
360;R2Knd;1;main;TGFBR1_mRNA_obs;0.772541649964991;0.171298831486314;-Inf
360;R2Knd;1;main;TGFBR1_mRNA_obs;0.880569982812588;0.171298831486314;-Inf
480;R2Knd;1;main;TGFBR1_mRNA_obs;1.1623066448125;0.171298831486314;-Inf
480;R2Knd;1;main;TGFBR1_mRNA_obs;0.969200266099053;0.171298831486314;-Inf
480;R2Knd;1;main;TGFBR1_mRNA_obs;1.03435703158747;0.171298831486314;-Inf
60;ActD;0;main;TGFBR1_mRNA_obs_ActD;1.38468302033507;0.0984305081624469;-Inf
60;ActD;0;main;TGFBR1_mRNA_obs_ActD;1.27734897622375;0.0984305081624469;-Inf
60;ActD;0;main;TGFBR1_mRNA_obs_ActD;1.24172506649302;0.0984305081624469;-Inf
60;ActD;0;main;TGFBR1_mRNA_obs_ActD;1.18032452182888;0.0984305081624469;-Inf
120;ActD;0;main;TGFBR1_mRNA_obs_ActD;1.34606172630776;0.0984305081624469;-Inf
120;ActD;0;main;TGFBR1_mRNA_obs_ActD;1.35164275857105;0.0984305081624469;-Inf
120;ActD;0;main;TGFBR1_mRNA_obs_ActD;1.3348344708845;0.0984305081624469;-Inf
120;ActD;0;main;TGFBR1_mRNA_obs_ActD;1.24172506649302;0.0984305081624469;-Inf
180;ActD;0;main;TGFBR1_mRNA_obs_ActD;1.04907998855063;0.0984305081624469;-Inf
180;ActD;0;main;TGFBR1_mRNA_obs_ActD;1.0627549254477;0.0984305081624469;-Inf
180;ActD;0;main;TGFBR1_mRNA_obs_ActD;1.2536977081591;0.0984305081624469;-Inf
180;ActD;0;main;TGFBR1_mRNA_obs_ActD;1.27734897622375;0.0984305081624469;-Inf
240;ActD;0;main;TGFBR1_mRNA_obs_ActD;1.16138295817542;0.0984305081624469;-Inf
240;ActD;0;main;TGFBR1_mRNA_obs_ActD;1.20519919046791;0.0984305081624469;-Inf
240;ActD;0;main;TGFBR1_mRNA_obs_ActD;1.02133499806772;0.0984305081624469;-Inf
240;ActD;0;main;TGFBR1_mRNA_obs_ActD;0.9930459536363;0.0984305081624469;-Inf
360;ActD;0;main;TGFBR1_mRNA_obs_ActD;0.818650248148762;0.0984305081624469;-Inf
360;ActD;0;main;TGFBR1_mRNA_obs_ActD;0.873993281992535;0.0984305081624469;-Inf
360;ActD;0;main;TGFBR1_mRNA_obs_ActD;0.964191090964114;0.0984305081624469;-Inf
360;ActD;0;main;TGFBR1_mRNA_obs_ActD;0.978690660659229;0.0984305081624469;-Inf
480;ActD;0;main;TGFBR1_mRNA_obs_ActD;0.656762565771866;0.0984305081624469;-Inf
480;ActD;0;main;TGFBR1_mRNA_obs_ActD;0.638615219061609;0.0984305081624469;-Inf
480;ActD;0;main;TGFBR1_mRNA_obs_ActD;0.443358927662674;0.0984305081624469;-Inf
480;ActD;0;main;TGFBR1_mRNA_obs_ActD;0.554002991346666;0.0984305081624469;-Inf
600;ActD;0;main;TGFBR1_mRNA_obs_ActD;0.484581590389186;0.0984305081624469;-Inf
600;ActD;0;main;TGFBR1_mRNA_obs_ActD;0.484581590389186;0.0984305081624469;-Inf
600;ActD;0;main;TGFBR1_mRNA_obs_ActD;0.241725066493024;0.0984305081624469;-Inf
600;ActD;0;main;TGFBR1_mRNA_obs_ActD;0.192815466012076;0.0984305081624469;-Inf
0;Ctrl;0;main;TGFBR1_mRNA_obs_ActD;1.34606172630776;0.0984305081624469;-Inf
0;Ctrl;0;main;TGFBR1_mRNA_obs_ActD;1.37922859024296;0.0984305081624469;-Inf
0;Ctrl;0;main;TGFBR1_mRNA_obs_ActD;1.28320170246918;0.0984305081624469;-Inf
0;Ctrl;0;main;TGFBR1_mRNA_obs_ActD;1.27734897622375;0.0984305081624469;-Inf
0;Ctrl;0;main;TGFBR1_prot_obs_MS;-3.0722169167298;0.359486400630798;-Inf
0;Ctrl;0;main;TGFBR1_prot_obs_MS;-3.31759043718501;0.359486400630798;-Inf
0;Ctrl;0;main;TGFBR1_prot_obs_MS;-3.08742708115395;0.359486400630798;-Inf
0;Ctrl;0;main;TGFBR1_prot_obs_MS;-1.90294241835615;0.359486400630798;-Inf
0;Ctrl;0;main;TGFBR1_prot_obs_MS;-2.73241832540016;0.359486400630798;-Inf
30;Ctrl;1;main;TGFBR1_prot_obs_MS;-2.73077280094897;0.359486400630798;-Inf
30;Ctrl;1;main;TGFBR1_prot_obs_MS;-3.06575949607397;0.359486400630798;-Inf
30;Ctrl;1;main;TGFBR1_prot_obs_MS;-3.32275918720895;0.359486400630798;-Inf
60;Ctrl;1;main;TGFBR1_prot_obs_MS;-2.63291028137443;0.359486400630798;-Inf
60;Ctrl;1;main;TGFBR1_prot_obs_MS;-2.938048413995;0.359486400630798;-Inf
60;Ctrl;1;main;TGFBR1_prot_obs_MS;-2.87638005338277;0.359486400630798;-Inf
90;Ctrl;1;main;TGFBR1_prot_obs_MS;-2.65069972124878;0.359486400630798;-Inf
90;Ctrl;1;main;TGFBR1_prot_obs_MS;-3.11346929012077;0.359486400630798;-Inf
120;Ctrl;1;main;TGFBR1_prot_obs_MS;-2.94842003293125;0.359486400630798;-Inf
120;Ctrl;1;main;TGFBR1_prot_obs_MS;-3.2998898567912;0.359486400630798;-Inf
120;Ctrl;1;main;TGFBR1_prot_obs_MS;-3.41788092920579;0.359486400630798;-Inf
240;Ctrl;1;main;TGFBR1_prot_obs_MS;-3.29685644628466;0.359486400630798;-Inf
240;Ctrl;1;main;TGFBR1_prot_obs_MS;-3.42863410288307;0.359486400630798;-Inf
240;Ctrl;1;main;TGFBR1_prot_obs_MS;-3.53135494135993;0.359486400630798;-Inf
0;OE_R1_noninducible;0;main;TGFBR1_prot_obs_MS;3.4924277036437;0.359486400630798;-Inf
0;OE_R1_noninducible;0;main;TGFBR1_prot_obs_MS;2.84416455955473;0.359486400630798;-Inf
0;OE_R1_noninducible;0;main;TGFBR1_prot_obs_MS;2.63236325969694;0.359486400630798;-Inf
0;OE_R2_noninducible;0;main;TGFBR1_prot_obs_MS;-0.648483520279376;0.359486400630798;-Inf
0;OE_R2_noninducible;0;main;TGFBR1_prot_obs_MS;-1.03652511557058;0.359486400630798;-Inf
0;OE_R2_noninducible;0;main;TGFBR1_prot_obs_MS;-0.744769966128167;0.359486400630798;-Inf
0;Ctrl;0;main;TGFBR2_mRNA_obs;0.997313623122421;0.133763736926677;-Inf
0;Ctrl;0;main;TGFBR2_mRNA_obs;1.26547550888159;0.133763736926677;-Inf
0;Ctrl;0;main;TGFBR2_mRNA_obs;1.21854485556659;0.133763736926677;-Inf
0;Ctrl;0;main;TGFBR2_mRNA_obs;1.19989190549646;0.133763736926677;-Inf
0;Ctrl;0;main;TGFBR2_mRNA_obs;1.09516901760772;0.133763736926677;-Inf
0;Ctrl;0;main;TGFBR2_mRNA_obs;1.00030663292527;0.133763736926677;-Inf
0;Ctrl;0;main;TGFBR2_mRNA_obs;1.30271309230102;0.133763736926677;-Inf
0;Ctrl;0;main;TGFBR2_mRNA_obs;1.30998646814991;0.133763736926677;-Inf
0;Ctrl;0;main;TGFBR2_mRNA_obs;1.26278713437795;0.133763736926677;-Inf
60;Ctrl;1;main;TGFBR2_mRNA_obs;1.23324624985702;0.133763736926677;-Inf
60;Ctrl;1;main;TGFBR2_mRNA_obs;1.28438644449443;0.133763736926677;-Inf
60;Ctrl;1;main;TGFBR2_mRNA_obs;1.2040388160579;0.133763736926677;-Inf
360;Ctrl;1;main;TGFBR2_mRNA_obs;0.531915839455753;0.133763736926677;-Inf
360;Ctrl;1;main;TGFBR2_mRNA_obs;0.60142162067421;0.133763736926677;-Inf
360;Ctrl;1;main;TGFBR2_mRNA_obs;0.270169859422003;0.133763736926677;-Inf
360;Ctrl;1;main;TGFBR2_mRNA_obs;0.427720006119726;0.133763736926677;-Inf
360;Ctrl;1;main;TGFBR2_mRNA_obs;0.272707846624522;0.133763736926677;-Inf
360;Ctrl;1;main;TGFBR2_mRNA_obs;0.419687514130485;0.133763736926677;-Inf
480;Ctrl;1;main;TGFBR2_mRNA_obs;0.606590417158195;0.133763736926677;-Inf
480;Ctrl;1;main;TGFBR2_mRNA_obs;0.581116033193202;0.133763736926677;-Inf
480;Ctrl;1;main;TGFBR2_mRNA_obs;0.638707172654959;0.133763736926677;-Inf
480;Ctrl;1;main;TGFBR2_mRNA_obs;0.715634743330039;0.133763736926677;-Inf
480;Ctrl;1;main;TGFBR2_mRNA_obs;0.569376601716721;0.133763736926677;-Inf
480;Ctrl;1;main;TGFBR2_mRNA_obs;0.529551152411154;0.133763736926677;-Inf
480;Ctrl;1;main;TGFBR2_mRNA_obs;0.456980118001356;0.133763736926677;-Inf
480;Ctrl;1;main;TGFBR2_mRNA_obs;0.58742562024571;0.133763736926677;-Inf
1440;Ctrl;1;main;TGFBR2_mRNA_obs;1.20356348823671;0.133763736926677;-Inf
1440;Ctrl;1;main;TGFBR2_mRNA_obs;1.24877349570467;0.133763736926677;-Inf
1440;Ctrl;1;main;TGFBR2_mRNA_obs;1.22181225207166;0.133763736926677;-Inf
360;Ctrl;10;main;TGFBR2_mRNA_obs;0.538333961991793;0.133763736926677;-Inf
360;Ctrl;10;main;TGFBR2_mRNA_obs;0.231146853068462;0.133763736926677;-Inf
360;Ctrl;10;main;TGFBR2_mRNA_obs;0.538452603162176;0.133763736926677;-Inf
480;Ctrl;10;main;TGFBR2_mRNA_obs;0.349368273965977;0.133763736926677;-Inf
480;Ctrl;10;main;TGFBR2_mRNA_obs;0.939676996215592;0.133763736926677;-Inf
1440;Ctrl;10;main;TGFBR2_mRNA_obs;1.00186564308998;0.133763736926677;-Inf
1440;Ctrl;10;main;TGFBR2_mRNA_obs;0.684082505488767;0.133763736926677;-Inf
1440;Ctrl;10;main;TGFBR2_mRNA_obs;0.836866190631817;0.133763736926677;-Inf
0;OE_R1_noninducible;0;main;TGFBR2_mRNA_obs;1.18009221983889;0.133763736926677;-Inf
0;OE_R1_noninducible;0;main;TGFBR2_mRNA_obs;1.12052223935991;0.133763736926677;-Inf
0;OE_R1_noninducible;0;main;TGFBR2_mRNA_obs;0.863989890427363;0.133763736926677;-Inf
480;OE_R1_noninducible;1;main;TGFBR2_mRNA_obs;0.889708383213745;0.133763736926677;-Inf
480;OE_R1_noninducible;1;main;TGFBR2_mRNA_obs;0.829483705136917;0.133763736926677;-Inf
480;OE_R1_noninducible;1;main;TGFBR2_mRNA_obs;0.903956863336287;0.133763736926677;-Inf
0;OE_R2_noninducible;0;main;TGFBR2_mRNA_obs;5.97479172483206;0.133763736926677;-Inf
0;OE_R2_noninducible;0;main;TGFBR2_mRNA_obs;5.53715767777531;0.133763736926677;-Inf
0;OE_R2_noninducible;0;main;TGFBR2_mRNA_obs;5.91228946446727;0.133763736926677;-Inf
480;OE_R2_noninducible;1;main;TGFBR2_mRNA_obs;6.20734966536328;0.133763736926677;-Inf
480;OE_R2_noninducible;1;main;TGFBR2_mRNA_obs;5.82918595293508;0.133763736926677;-Inf
480;OE_R2_noninducible;1;main;TGFBR2_mRNA_obs;6.11996944274819;0.133763736926677;-Inf
0;R1Knd;0;main;TGFBR2_mRNA_obs;1.26549634982213;0.133763736926677;-Inf
0;R1Knd;0;main;TGFBR2_mRNA_obs;1.27415605476862;0.133763736926677;-Inf
0;R1Knd;0;main;TGFBR2_mRNA_obs;1.30886756782466;0.133763736926677;-Inf
60;R1Knd;1;main;TGFBR2_mRNA_obs;1.28913851461659;0.133763736926677;-Inf
60;R1Knd;1;main;TGFBR2_mRNA_obs;1.34851678191414;0.133763736926677;-Inf
60;R1Knd;1;main;TGFBR2_mRNA_obs;1.17436871407462;0.133763736926677;-Inf
360;R1Knd;1;main;TGFBR2_mRNA_obs;0.727855822218612;0.133763736926677;-Inf
360;R1Knd;1;main;TGFBR2_mRNA_obs;0.805838238915751;0.133763736926677;-Inf
360;R1Knd;1;main;TGFBR2_mRNA_obs;0.782749019782186;0.133763736926677;-Inf
480;R1Knd;1;main;TGFBR2_mRNA_obs;0.915361342972418;0.133763736926677;-Inf
480;R1Knd;1;main;TGFBR2_mRNA_obs;1.19182921104096;0.133763736926677;-Inf
480;R1Knd;1;main;TGFBR2_mRNA_obs;0.955870543546038;0.133763736926677;-Inf
0;R2Knd;0;main;TGFBR2_mRNA_obs;-0.850152800083895;0.133763736926677;-Inf
0;R2Knd;0;main;TGFBR2_mRNA_obs;-1.03445869509266;0.133763736926677;-Inf
0;R2Knd;0;main;TGFBR2_mRNA_obs;-1.03189218097697;0.133763736926677;-Inf
60;R2Knd;1;main;TGFBR2_mRNA_obs;-0.790430203141882;0.133763736926677;-Inf
60;R2Knd;1;main;TGFBR2_mRNA_obs;-0.869901561721064;0.133763736926677;-Inf
60;R2Knd;1;main;TGFBR2_mRNA_obs;-1.10641330619544;0.133763736926677;-Inf
360;R2Knd;1;main;TGFBR2_mRNA_obs;-1.43079455199744;0.133763736926677;-Inf
360;R2Knd;1;main;TGFBR2_mRNA_obs;-1.51446001482277;0.133763736926677;-Inf
360;R2Knd;1;main;TGFBR2_mRNA_obs;-1.39078312847441;0.133763736926677;-Inf
480;R2Knd;1;main;TGFBR2_mRNA_obs;-1.36678802939747;0.133763736926677;-Inf
480;R2Knd;1;main;TGFBR2_mRNA_obs;-1.31755716731818;0.133763736926677;-Inf
480;R2Knd;1;main;TGFBR2_mRNA_obs;-1.43460911379588;0.133763736926677;-Inf
60;ActD;0;main;TGFBR2_mRNA_obs_ActD;1.84056012440674;0.104078511111178;-Inf
60;ActD;0;main;TGFBR2_mRNA_obs_ActD;1.71502924232289;0.104078511111178;-Inf
60;ActD;0;main;TGFBR2_mRNA_obs_ActD;1.66035214970257;0.104078511111178;-Inf
60;ActD;0;main;TGFBR2_mRNA_obs_ActD;1.64165605599267;0.104078511111178;-Inf
120;ActD;0;main;TGFBR2_mRNA_obs_ActD;1.6035209271059;0.104078511111178;-Inf
120;ActD;0;main;TGFBR2_mRNA_obs_ActD;1.56435032982522;0.104078511111178;-Inf
120;ActD;0;main;TGFBR2_mRNA_obs_ActD;1.48965296254762;0.104078511111178;-Inf
120;ActD;0;main;TGFBR2_mRNA_obs_ActD;1.53087562527413;0.104078511111178;-Inf
180;ActD;0;main;TGFBR2_mRNA_obs_ActD;1.17987029752234;0.104078511111178;-Inf
180;ActD;0;main;TGFBR2_mRNA_obs_ActD;1.18848342782705;0.104078511111178;-Inf
180;ActD;0;main;TGFBR2_mRNA_obs_ActD;1.37359483308404;0.104078511111178;-Inf
180;ActD;0;main;TGFBR2_mRNA_obs_ActD;1.34306046493593;0.104078511111178;-Inf
240;ActD;0;main;TGFBR2_mRNA_obs_ActD;1.31186584333234;0.104078511111178;-Inf
240;ActD;0;main;TGFBR2_mRNA_obs_ActD;1.2960118921315;0.104078511111178;-Inf
240;ActD;0;main;TGFBR2_mRNA_obs_ActD;1.07229041032253;0.104078511111178;-Inf
240;ActD;0;main;TGFBR2_mRNA_obs_ActD;1.18848342782705;0.104078511111178;-Inf
360;ActD;0;main;TGFBR2_mRNA_obs_ActD;0.524086459611493;0.104078511111178;-Inf
360;ActD;0;main;TGFBR2_mRNA_obs_ActD;0.577525718572952;0.104078511111178;-Inf
360;ActD;0;main;TGFBR2_mRNA_obs_ActD;0.76195028971038;0.104078511111178;-Inf
360;ActD;0;main;TGFBR2_mRNA_obs_ActD;0.77344592854821;0.104078511111178;-Inf
480;ActD;0;main;TGFBR2_mRNA_obs_ActD;0.153718009666374;0.104078511111178;-Inf
480;ActD;0;main;TGFBR2_mRNA_obs_ActD;0.057320677663862;0.104078511111178;-Inf
480;ActD;0;main;TGFBR2_mRNA_obs_ActD;-0.0120344938866328;0.104078511111178;-Inf
480;ActD;0;main;TGFBR2_mRNA_obs_ActD;0.0554384920858868;0.104078511111178;-Inf
600;ActD;0;main;TGFBR2_mRNA_obs_ActD;-0.263667244468889;0.104078511111178;-Inf
600;ActD;0;main;TGFBR2_mRNA_obs_ActD;-0.0399327811371655;0.104078511111178;-Inf
600;ActD;0;main;TGFBR2_mRNA_obs_ActD;-0.348342551849832;0.104078511111178;-Inf
600;ActD;0;main;TGFBR2_mRNA_obs_ActD;-0.430365067046512;0.104078511111178;-Inf
0;Ctrl;0;main;TGFBR2_mRNA_obs_ActD;1.86225519550606;0.104078511111178;-Inf
0;Ctrl;0;main;TGFBR2_mRNA_obs_ActD;1.84601455449885;0.104078511111178;-Inf
0;Ctrl;0;main;TGFBR2_mRNA_obs_ActD;1.72097850865407;0.104078511111178;-Inf
0;Ctrl;0;main;TGFBR2_mRNA_obs_ActD;1.76195028971038;0.104078511111178;-Inf
0;Ctrl;0;main;TGFBR2_prot_obs_MS;-2.87579148597241;0.249725001260977;-Inf
0;Ctrl;0;main;TGFBR2_prot_obs_MS;-3.1425542293245;0.249725001260977;-Inf
0;Ctrl;0;main;TGFBR2_prot_obs_MS;-2.76658186398688;0.249725001260977;-Inf
0;Ctrl;0;main;TGFBR2_prot_obs_MS;-3.32139951699103;0.249725001260977;-Inf
0;Ctrl;0;main;TGFBR2_prot_obs_MS;-3.95430475429535;0.249725001260977;-Inf
30;Ctrl;1;main;TGFBR2_prot_obs_MS;-2.98882292209648;0.249725001260977;-Inf
30;Ctrl;1;main;TGFBR2_prot_obs_MS;-2.82269749472893;0.249725001260977;-Inf
30;Ctrl;1;main;TGFBR2_prot_obs_MS;-3.00708312957618;0.249725001260977;-Inf
60;Ctrl;1;main;TGFBR2_prot_obs_MS;-2.59155780195414;0.249725001260977;-Inf
60;Ctrl;1;main;TGFBR2_prot_obs_MS;-2.84846490708237;0.249725001260977;-Inf
60;Ctrl;1;main;TGFBR2_prot_obs_MS;-2.92007538856051;0.249725001260977;-Inf
90;Ctrl;1;main;TGFBR2_prot_obs_MS;-2.91275208614608;0.249725001260977;-Inf
90;Ctrl;1;main;TGFBR2_prot_obs_MS;-2.81050811188443;0.249725001260977;-Inf
120;Ctrl;1;main;TGFBR2_prot_obs_MS;-3.08032375114941;0.249725001260977;-Inf
120;Ctrl;1;main;TGFBR2_prot_obs_MS;-3.27843990697543;0.249725001260977;-Inf
120;Ctrl;1;main;TGFBR2_prot_obs_MS;-2.93734957958388;0.249725001260977;-Inf
240;Ctrl;1;main;TGFBR2_prot_obs_MS;-3.47541201354453;0.249725001260977;-Inf
240;Ctrl;1;main;TGFBR2_prot_obs_MS;-3.4381006424213;0.249725001260977;-Inf
240;Ctrl;1;main;TGFBR2_prot_obs_MS;-3.40892030706938;0.249725001260977;-Inf
0;OE_R1_noninducible;0;main;TGFBR2_prot_obs_MS;-4.06097792784336;0.249725001260977;-Inf
0;OE_R1_noninducible;0;main;TGFBR2_prot_obs_MS;-4.01324257214798;0.249725001260977;-Inf
0;OE_R1_noninducible;0;main;TGFBR2_prot_obs_MS;-3.99815650892976;0.249725001260977;-Inf
0;OE_R2_noninducible;0;main;TGFBR2_prot_obs_MS;0.943736101732166;0.249725001260977;-Inf
0;OE_R2_noninducible;0;main;TGFBR2_prot_obs_MS;1.12478928274168;0.249725001260977;-Inf
0;OE_R2_noninducible;0;main;TGFBR2_prot_obs_MS;1.18883310790579;0.249725001260977;-Inf
0.5;CHX;0.7;depl;TGFb_obs;-0.359086471186933;0.120017032980243;-2
0.5;CHX;0.7;depl;TGFb_obs;-0.392845333599489;0.120017032980243;-2
0.5;CHX;0.7;depl;TGFb_obs;-0.388988711294658;0.120017032980243;-2
10;CHX;0.7;depl;TGFb_obs;-0.571873308555786;0.120017032980243;-2
10;CHX;0.7;depl;TGFb_obs;-0.598341027504848;0.120017032980243;-2
10;CHX;0.7;depl;TGFb_obs;-0.562075120368568;0.120017032980243;-2
20;CHX;0.7;depl;TGFb_obs;-0.641969923423043;0.120017032980243;-2
20;CHX;0.7;depl;TGFb_obs;-0.642980420950328;0.120017032980243;-2
20;CHX;0.7;depl;TGFb_obs;-0.651266896201714;0.120017032980243;-2
40;CHX;0.7;depl;TGFb_obs;-0.577598953503859;0.120017032980243;-2
40;CHX;0.7;depl;TGFb_obs;-0.596236238298935;0.120017032980243;-2
40;CHX;0.7;depl;TGFb_obs;-0.56199590857819;0.120017032980243;-2
60;CHX;0.7;depl;TGFb_obs;-0.80920623424456;0.120017032980243;-2
60;CHX;0.7;depl;TGFb_obs;-0.781254487776526;0.120017032980243;-2
60;CHX;0.7;depl;TGFb_obs;-0.787732471451063;0.120017032980243;-2
120;CHX;0.7;depl;TGFb_obs;-0.786455681462333;0.120017032980243;-2
120;CHX;0.7;depl;TGFb_obs;-0.895769034069199;0.120017032980243;-2
120;CHX;0.7;depl;TGFb_obs;-0.797157634805368;0.120017032980243;-2
360;CHX;0.7;depl;TGFb_obs;-0.792837069638541;0.120017032980243;-2
360;CHX;0.7;depl;TGFb_obs;-0.923869505456994;0.120017032980243;-2
360;CHX;0.7;depl;TGFb_obs;-0.802471344477229;0.120017032980243;-2
0.5;Ctrl;0.7;depl;TGFb_obs;-0.420290696951436;0.120017032980243;-2
0.5;Ctrl;0.7;depl;TGFb_obs;-0.442330419160376;0.120017032980243;-2
0.5;Ctrl;0.7;depl;TGFb_obs;-0.445874418486987;0.120017032980243;-2
0.5;Ctrl;0.7;depl;TGFb_obs;-0.568966103190916;0.120017032980243;-2
0.5;Ctrl;0.7;depl;TGFb_obs;-0.397093959062864;0.120017032980243;-2
0.5;Ctrl;0.7;depl;TGFb_obs;-0.373100440791475;0.120017032980243;-2
0.5;Ctrl;0.7;depl;TGFb_obs;-0.372967161871973;0.120017032980243;-2
0.5;Ctrl;0.7;depl;TGFb_obs;-0.455869918012035;0.120017032980243;-2
0.5;Ctrl;0.7;depl;TGFb_obs;-0.432174044489351;0.120017032980243;-2
0.5;Ctrl;0.7;depl;TGFb_obs;-0.31406130650574;0.120017032980243;-2
0.5;Ctrl;0.7;depl;TGFb_obs;-0.311842791955536;0.120017032980243;-2
0.5;Ctrl;0.7;depl;TGFb_obs;-0.324139205175921;0.120017032980243;-2
10;Ctrl;0.7;depl;TGFb_obs;-0.588750780646615;0.120017032980243;-2
10;Ctrl;0.7;depl;TGFb_obs;-0.593264005421136;0.120017032980243;-2
10;Ctrl;0.7;depl;TGFb_obs;-0.576836076149652;0.120017032980243;-2
10;Ctrl;0.7;depl;TGFb_obs;-0.535063570878267;0.120017032980243;-2
10;Ctrl;0.7;depl;TGFb_obs;-0.586649934451761;0.120017032980243;-2
10;Ctrl;0.7;depl;TGFb_obs;-0.55660400577207;0.120017032980243;-2
10;Ctrl;0.7;depl;TGFb_obs;-0.603687297653507;0.120017032980243;-2
10;Ctrl;0.7;depl;TGFb_obs;-0.574669606642993;0.120017032980243;-2
10;Ctrl;0.7;depl;TGFb_obs;-0.592796111887966;0.120017032980243;-2
10;Ctrl;0.7;depl;TGFb_obs;-0.684628008225794;0.120017032980243;-2
10;Ctrl;0.7;depl;TGFb_obs;-0.554753964919383;0.120017032980243;-2
10;Ctrl;0.7;depl;TGFb_obs;-0.587455457891911;0.120017032980243;-2
20;Ctrl;0.7;depl;TGFb_obs;-0.664241306629606;0.120017032980243;-2
20;Ctrl;0.7;depl;TGFb_obs;-0.653979720795443;0.120017032980243;-2
20;Ctrl;0.7;depl;TGFb_obs;-0.622602673230114;0.120017032980243;-2
20;Ctrl;0.7;depl;TGFb_obs;-0.606925181562225;0.120017032980243;-2
20;Ctrl;0.7;depl;TGFb_obs;-0.614215041156664;0.120017032980243;-2
20;Ctrl;0.7;depl;TGFb_obs;-0.600750398483975;0.120017032980243;-2
20;Ctrl;0.7;depl;TGFb_obs;-0.93218548883816;0.120017032980243;-2
20;Ctrl;0.7;depl;TGFb_obs;-0.881784891499002;0.120017032980243;-2
20;Ctrl;0.7;depl;TGFb_obs;-0.747450353232167;0.120017032980243;-2
20;Ctrl;0.7;depl;TGFb_obs;-0.52268335672261;0.120017032980243;-2
20;Ctrl;0.7;depl;TGFb_obs;-0.940152698561942;0.120017032980243;-2
20;Ctrl;0.7;depl;TGFb_obs;-0.584158930497955;0.120017032980243;-2
40;Ctrl;0.7;depl;TGFb_obs;-0.66607939094854;0.120017032980243;-2
40;Ctrl;0.7;depl;TGFb_obs;-0.670185316642638;0.120017032980243;-2
40;Ctrl;0.7;depl;TGFb_obs;-0.746540835660162;0.120017032980243;-2
40;Ctrl;0.7;depl;TGFb_obs;-0.802319799142815;0.120017032980243;-2
40;Ctrl;0.7;depl;TGFb_obs;-0.7060962958177;0.120017032980243;-2
40;Ctrl;0.7;depl;TGFb_obs;-0.636265833222851;0.120017032980243;-2
40;Ctrl;0.7;depl;TGFb_obs;-0.823952172564126;0.120017032980243;-2
40;Ctrl;0.7;depl;TGFb_obs;-0.772627557710364;0.120017032980243;-2
40;Ctrl;0.7;depl;TGFb_obs;-0.775868528167776;0.120017032980243;-2
40;Ctrl;0.7;depl;TGFb_obs;-0.673346728465732;0.120017032980243;-2
40;Ctrl;0.7;depl;TGFb_obs;-0.667783794121716;0.120017032980243;-2
40;Ctrl;0.7;depl;TGFb_obs;-0.716065886543391;0.120017032980243;-2
60;Ctrl;0.7;depl;TGFb_obs;-0.847589336370422;0.120017032980243;-2
60;Ctrl;0.7;depl;TGFb_obs;-0.928504613212422;0.120017032980243;-2
60;Ctrl;0.7;depl;TGFb_obs;-0.962792696782923;0.120017032980243;-2
60;Ctrl;0.7;depl;TGFb_obs;-0.738427880885523;0.120017032980243;-2
60;Ctrl;0.7;depl;TGFb_obs;-0.746056537330741;0.120017032980243;-2
60;Ctrl;0.7;depl;TGFb_obs;-0.748666013877297;0.120017032980243;-2
60;Ctrl;0.7;depl;TGFb_obs;-0.808814562059889;0.120017032980243;-2
60;Ctrl;0.7;depl;TGFb_obs;-0.750703784455723;0.120017032980243;-2
60;Ctrl;0.7;depl;TGFb_obs;-0.827382475806758;0.120017032980243;-2
60;Ctrl;0.7;depl;TGFb_obs;-0.731363533338712;0.120017032980243;-2
60;Ctrl;0.7;depl;TGFb_obs;-0.759475711887636;0.120017032980243;-2
60;Ctrl;0.7;depl;TGFb_obs;-0.744824015506471;0.120017032980243;-2
120;Ctrl;0.7;depl;TGFb_obs;-0.849642742001481;0.120017032980243;-2
120;Ctrl;0.7;depl;TGFb_obs;-0.836600067213136;0.120017032980243;-2
120;Ctrl;0.7;depl;TGFb_obs;-0.829283687175714;0.120017032980243;-2
120;Ctrl;0.7;depl;TGFb_obs;-0.898768613209301;0.120017032980243;-2
120;Ctrl;0.7;depl;TGFb_obs;-0.896469936571625;0.120017032980243;-2
120;Ctrl;0.7;depl;TGFb_obs;-0.90970666868989;0.120017032980243;-2
120;Ctrl;0.7;depl;TGFb_obs;-1.17347169365935;0.120017032980243;-2
120;Ctrl;0.7;depl;TGFb_obs;-1.18035737238137;0.120017032980243;-2
120;Ctrl;0.7;depl;TGFb_obs;-1.12798948811292;0.120017032980243;-2
120;Ctrl;0.7;depl;TGFb_obs;-1.15751557558843;0.120017032980243;-2
120;Ctrl;0.7;depl;TGFb_obs;-1.00497939387524;0.120017032980243;-2
120;Ctrl;0.7;depl;TGFb_obs;-0.992956708495951;0.120017032980243;-2
360;Ctrl;0.7;depl;TGFb_obs;-1.55956323389423;0.120017032980243;-2
360;Ctrl;0.7;depl;TGFb_obs;-1.79506647764586;0.120017032980243;-2
360;Ctrl;0.7;depl;TGFb_obs;-1.67325462043468;0.120017032980243;-2
360;Ctrl;0.7;depl;TGFb_obs;-1.66695597017651;0.120017032980243;-2
360;Ctrl;0.7;depl;TGFb_obs;-1.7854210464295;0.120017032980243;-2
360;Ctrl;0.7;depl;TGFb_obs;-1.93367407463796;0.120017032980243;-2
360;Ctrl;0.7;depl;TGFb_obs;-1.92591531097176;0.120017032980243;-2
360;Ctrl;0.7;depl;TGFb_obs;-1.66695597017651;0.120017032980243;-2
360;Ctrl;0.7;depl;TGFb_obs;-1.68708251888363;0.120017032980243;-2
360;Ctrl;0.7;depl;TGFb_obs;-1.71063404847997;0.120017032980243;-2
0.5;MG132;0.7;depl;TGFb_obs;-0.411341802998722;0.120017032980243;-2
0.5;MG132;0.7;depl;TGFb_obs;-0.460183971937944;0.120017032980243;-2
0.5;MG132;0.7;depl;TGFb_obs;-0.501572271444501;0.120017032980243;-2
10;MG132;0.7;depl;TGFb_obs;-0.686596837113529;0.120017032980243;-2
10;MG132;0.7;depl;TGFb_obs;-0.694251067631631;0.120017032980243;-2
10;MG132;0.7;depl;TGFb_obs;-0.669961830517715;0.120017032980243;-2
20;MG132;0.7;depl;TGFb_obs;-0.78448140143723;0.120017032980243;-2
20;MG132;0.7;depl;TGFb_obs;-0.703905470179877;0.120017032980243;-2
20;MG132;0.7;depl;TGFb_obs;-0.725484236320694;0.120017032980243;-2
40;MG132;0.7;depl;TGFb_obs;-0.666724058742708;0.120017032980243;-2
40;MG132;0.7;depl;TGFb_obs;-0.665134266685667;0.120017032980243;-2
40;MG132;0.7;depl;TGFb_obs;-0.662920288199069;0.120017032980243;-2
60;MG132;0.7;depl;TGFb_obs;-0.910925431838547;0.120017032980243;-2
60;MG132;0.7;depl;TGFb_obs;-0.964610290801323;0.120017032980243;-2
60;MG132;0.7;depl;TGFb_obs;-0.923232162552755;0.120017032980243;-2
120;MG132;0.7;depl;TGFb_obs;-1.10023419805561;0.120017032980243;-2
120;MG132;0.7;depl;TGFb_obs;-1.21749154443384;0.120017032980243;-2
120;MG132;0.7;depl;TGFb_obs;-1.174898588402;0.120017032980243;-2
360;MG132;0.7;depl;TGFb_obs;-1.51719785227954;0.120017032980243;-2
360;MG132;0.7;depl;TGFb_obs;-1.59235420293744;0.120017032980243;-2
360;MG132;0.7;depl;TGFb_obs;-1.45985830116445;0.120017032980243;-2
0.5;OE_R1_noninducible;0.7;depl;TGFb_obs;-0.879294484341726;0.120017032980243;-2
0.5;OE_R1_noninducible;0.7;depl;TGFb_obs;-0.859523383169867;0.120017032980243;-2
0.5;OE_R1_noninducible;0.7;depl;TGFb_obs;-0.367547769552021;0.120017032980243;-2
10;OE_R1_noninducible;0.7;depl;TGFb_obs;-1.01197643807134;0.120017032980243;-2
10;OE_R1_noninducible;0.7;depl;TGFb_obs;-0.558957188413953;0.120017032980243;-2
10;OE_R1_noninducible;0.7;depl;TGFb_obs;-0.512996036121058;0.120017032980243;-2
20;OE_R1_noninducible;0.7;depl;TGFb_obs;-1.06403953101083;0.120017032980243;-2
20;OE_R1_noninducible;0.7;depl;TGFb_obs;-1.08362502126244;0.120017032980243;-2
20;OE_R1_noninducible;0.7;depl;TGFb_obs;-0.590980362068507;0.120017032980243;-2
40;OE_R1_noninducible;0.7;depl;TGFb_obs;-1.11050220877663;0.120017032980243;-2
40;OE_R1_noninducible;0.7;depl;TGFb_obs;-0.716190130424056;0.120017032980243;-2
40;OE_R1_noninducible;0.7;depl;TGFb_obs;-0.629338901715676;0.120017032980243;-2
60;OE_R1_noninducible;0.7;depl;TGFb_obs;-1.07779372256098;0.120017032980243;-2
60;OE_R1_noninducible;0.7;depl;TGFb_obs;-1.13724268570198;0.120017032980243;-2
60;OE_R1_noninducible;0.7;depl;TGFb_obs;-0.685406050162955;0.120017032980243;-2
120;OE_R1_noninducible;0.7;depl;TGFb_obs;-1.80548565811753;0.120017032980243;-2
120;OE_R1_noninducible;0.7;depl;TGFb_obs;-1.65886236125904;0.120017032980243;-2
120;OE_R1_noninducible;0.7;depl;TGFb_obs;-1.65033401590337;0.120017032980243;-2
360;OE_R1_noninducible;0.7;depl;TGFb_obs;-1.74148244008355;0.120017032980243;-2
360;OE_R1_noninducible;0.7;depl;TGFb_obs;-1.67407404422853;0.120017032980243;-2
360;OE_R1_noninducible;0.7;depl;TGFb_obs;-1.8953422089912;0.120017032980243;-2
360;OE_R1_noninducible;0.7;depl;TGFb_obs;-1.6063370693325;0.120017032980243;-2
360;OE_R1_noninducible;0.7;depl;TGFb_obs;-1.58753945257004;0.120017032980243;-2
0.5;OE_R2_noninducible;0.7;depl;TGFb_obs;-0.622147580993245;0.120017032980243;-2
0.5;OE_R2_noninducible;0.7;depl;TGFb_obs;-0.611250683722528;0.120017032980243;-2
0.5;OE_R2_noninducible;0.7;depl;TGFb_obs;-0.555861481573506;0.120017032980243;-2
10;OE_R2_noninducible;0.7;depl;TGFb_obs;-0.903507109945639;0.120017032980243;-2
10;OE_R2_noninducible;0.7;depl;TGFb_obs;-0.917160794861437;0.120017032980243;-2
10;OE_R2_noninducible;0.7;depl;TGFb_obs;-0.814118021590021;0.120017032980243;-2
20;OE_R2_noninducible;0.7;depl;TGFb_obs;-0.892061163302774;0.120017032980243;-2
20;OE_R2_noninducible;0.7;depl;TGFb_obs;-0.856563607643788;0.120017032980243;-2
20;OE_R2_noninducible;0.7;depl;TGFb_obs;-0.867756324572532;0.120017032980243;-2
40;OE_R2_noninducible;0.7;depl;TGFb_obs;-1.1700854276193;0.120017032980243;-2
40;OE_R2_noninducible;0.7;depl;TGFb_obs;-1.63441842724495;0.120017032980243;-2
40;OE_R2_noninducible;0.7;depl;TGFb_obs;-1.58029201864556;0.120017032980243;-2
60;OE_R2_noninducible;0.7;depl;TGFb_obs;-1.70081968925465;0.120017032980243;-2
60;OE_R2_noninducible;0.7;depl;TGFb_obs;-1.63367044948089;0.120017032980243;-2
60;OE_R2_noninducible;0.7;depl;TGFb_obs;-1.49512154058978;0.120017032980243;-2
120;OE_R2_noninducible;0.7;depl;TGFb_obs;-1.07566901529132;0.120017032980243;-2
120;OE_R2_noninducible;0.7;depl;TGFb_obs;-1.04866248120408;0.120017032980243;-2
120;OE_R2_noninducible;0.7;depl;TGFb_obs;-0.770868732301572;0.120017032980243;-2
360;OE_R2_noninducible;0.7;depl;TGFb_obs;-2.88605664769316;0.120017032980243;-2
360;OE_R2_noninducible;0.7;depl;TGFb_obs;-2.97469413473523;0.120017032980243;-2
360;OE_R2_noninducible;0.7;depl;TGFb_obs;-2.92263209471584;0.120017032980243;-2
0.5;R1Knd;0.7;depl;TGFb_obs;-0.44676647428524;0.120017032980243;-2
0.5;R1Knd;0.7;depl;TGFb_obs;-0.448769644657028;0.120017032980243;-2
0.5;R1Knd;0.7;depl;TGFb_obs;-0.396081951450795;0.120017032980243;-2
10;R1Knd;0.7;depl;TGFb_obs;-0.614063216480445;0.120017032980243;-2
10;R1Knd;0.7;depl;TGFb_obs;-0.556635297817974;0.120017032980243;-2
10;R1Knd;0.7;depl;TGFb_obs;-0.526534927688249;0.120017032980243;-2
20;R1Knd;0.7;depl;TGFb_obs;-0.487862817972169;0.120017032980243;-2
20;R1Knd;0.7;depl;TGFb_obs;-0.601947089439277;0.120017032980243;-2
20;R1Knd;0.7;depl;TGFb_obs;-0.730814067186048;0.120017032980243;-2
40;R1Knd;0.7;depl;TGFb_obs;-0.62238416944022;0.120017032980243;-2
40;R1Knd;0.7;depl;TGFb_obs;-0.661254736824743;0.120017032980243;-2
40;R1Knd;0.7;depl;TGFb_obs;-0.652123800390197;0.120017032980243;-2
60;R1Knd;0.7;depl;TGFb_obs;-0.722299123711207;0.120017032980243;-2
60;R1Knd;0.7;depl;TGFb_obs;-0.603199336064753;0.120017032980243;-2
60;R1Knd;0.7;depl;TGFb_obs;-0.642417684107841;0.120017032980243;-2
120;R1Knd;0.7;depl;TGFb_obs;-0.76715630037688;0.120017032980243;-2
120;R1Knd;0.7;depl;TGFb_obs;-0.748398276419905;0.120017032980243;-2
120;R1Knd;0.7;depl;TGFb_obs;-0.851536168882721;0.120017032980243;-2
360;R1Knd;0.7;depl;TGFb_obs;-1.10929960230112;0.120017032980243;-2
360;R1Knd;0.7;depl;TGFb_obs;-1.18455508375565;0.120017032980243;-2
360;R1Knd;0.7;depl;TGFb_obs;-1.07510073598572;0.120017032980243;-2
0.5;R2Knd;0.7;depl;TGFb_obs;-0.416891949758865;0.120017032980243;-2
0.5;R2Knd;0.7;depl;TGFb_obs;-0.466240647900685;0.120017032980243;-2
10;R2Knd;0.7;depl;TGFb_obs;-0.586649934451761;0.120017032980243;-2
10;R2Knd;0.7;depl;TGFb_obs;-0.695466389593482;0.120017032980243;-2
10;R2Knd;0.7;depl;TGFb_obs;-0.701288801744136;0.120017032980243;-2
20;R2Knd;0.7;depl;TGFb_obs;-0.510632225295266;0.120017032980243;-2
20;R2Knd;0.7;depl;TGFb_obs;-0.625710012324689;0.120017032980243;-2
20;R2Knd;0.7;depl;TGFb_obs;-0.397495084812631;0.120017032980243;-2
40;R2Knd;0.7;depl;TGFb_obs;-0.740501685969075;0.120017032980243;-2
40;R2Knd;0.7;depl;TGFb_obs;-0.65517561201024;0.120017032980243;-2
40;R2Knd;0.7;depl;TGFb_obs;-0.807293193387141;0.120017032980243;-2
60;R2Knd;0.7;depl;TGFb_obs;-1.01867982674089;0.120017032980243;-2
60;R2Knd;0.7;depl;TGFb_obs;-1.23062267392386;0.120017032980243;-2
60;R2Knd;0.7;depl;TGFb_obs;-0.982778785462781;0.120017032980243;-2
120;R2Knd;0.7;depl;TGFb_obs;-0.914370540249787;0.120017032980243;-2
120;R2Knd;0.7;depl;TGFb_obs;-1.45253297757361;0.120017032980243;-2
120;R2Knd;0.7;depl;TGFb_obs;-0.894881708584346;0.120017032980243;-2
360;R2Knd;0.7;depl;TGFb_obs;-0.844800650138561;0.120017032980243;-2
360;R2Knd;0.7;depl;TGFb_obs;-1.33105526554227;0.120017032980243;-2
360;R2Knd;0.7;depl;TGFb_obs;-1.03004853960165;0.120017032980243;-2
0;Ctrl;0;main;TSmad2_obs;-0.999623967088004;0.162011014155902;-Inf
0;Ctrl;0;main;TSmad2_obs;-1.35915387395258;0.162011014155902;-Inf
0;Ctrl;0;main;TSmad2_obs;-1.2889612210164;0.162011014155902;-Inf
0;Ctrl;0;main;TSmad2_obs;-1.2012777695365;0.162011014155902;-Inf
0;Ctrl;0;main;TSmad2_obs;-1.52872594479751;0.162011014155902;-Inf
0;Ctrl;0;main;TSmad2_obs;-0.992270283330665;0.162011014155902;-Inf
0;Ctrl;0;main;TSmad2_obs;-0.842528169937124;0.162011014155902;-Inf
0;Ctrl;0;main;TSmad2_obs;-1.46228947999894;0.162011014155902;-Inf
2880;Ctrl;0;main;TSmad2_obs;-1.42600141174625;0.162011014155902;-Inf
2880;Ctrl;0;main;TSmad2_obs;-1.53266270724586;0.162011014155902;-Inf
2880;Ctrl;0;main;TSmad2_obs;-1.43862745132265;0.162011014155902;-Inf
30;Ctrl;1;main;TSmad2_obs;-1.19327580045721;0.162011014155902;-Inf
30;Ctrl;1;main;TSmad2_obs;-1.21891571172088;0.162011014155902;-Inf
30;Ctrl;1;main;TSmad2_obs;-1.50349669551659;0.162011014155902;-Inf
60;Ctrl;1;main;TSmad2_obs;-1.39981667443721;0.162011014155902;-Inf
60;Ctrl;1;main;TSmad2_obs;-1.17460815786322;0.162011014155902;-Inf
60;Ctrl;1;main;TSmad2_obs;-1.21499197471242;0.162011014155902;-Inf
60;Ctrl;1;main;TSmad2_obs;-0.970328092656061;0.162011014155902;-Inf
60;Ctrl;1;main;TSmad2_obs;-1.35981234426924;0.162011014155902;-Inf
60;Ctrl;1;main;TSmad2_obs;-1.29096991975753;0.162011014155902;-Inf
90;Ctrl;1;main;TSmad2_obs;-1.1209145978781;0.162011014155902;-Inf
90;Ctrl;1;main;TSmad2_obs;-1.22624719717715;0.162011014155902;-Inf
120;Ctrl;1;main;TSmad2_obs;-1.22918807935579;0.162011014155902;-Inf
120;Ctrl;1;main;TSmad2_obs;-1.59769250886636;0.162011014155902;-Inf
120;Ctrl;1;main;TSmad2_obs;-1.32709989608968;0.162011014155902;-Inf
240;Ctrl;1;main;TSmad2_obs;-1.38686552412027;0.162011014155902;-Inf
240;Ctrl;1;main;TSmad2_obs;-1.38926118934083;0.162011014155902;-Inf
240;Ctrl;1;main;TSmad2_obs;-1.22177054798058;0.162011014155902;-Inf
240;Ctrl;1;main;TSmad2_obs;-1.27025799193072;0.162011014155902;-Inf
240;Ctrl;1;main;TSmad2_obs;-1.28931193422757;0.162011014155902;-Inf
240;Ctrl;1;main;TSmad2_obs;-1.53209888835349;0.162011014155902;-Inf
480;Ctrl;1;main;TSmad2_obs;-1.46343133174759;0.162011014155902;-Inf
480;Ctrl;1;main;TSmad2_obs;-1.38699504763776;0.162011014155902;-Inf
480;Ctrl;1;main;TSmad2_obs;-1.36666290489587;0.162011014155902;-Inf
1440;Ctrl;1;main;TSmad2_obs;-1.51334613446049;0.162011014155902;-Inf
1440;Ctrl;1;main;TSmad2_obs;-1.55863703285093;0.162011014155902;-Inf
1440;Ctrl;1;main;TSmad2_obs;-1.56336717431983;0.162011014155902;-Inf
2160;Ctrl;1;main;TSmad2_obs;-1.66876601656775;0.162011014155902;-Inf
2160;Ctrl;1;main;TSmad2_obs;-1.78837824383362;0.162011014155902;-Inf
2160;Ctrl;1;main;TSmad2_obs;-1.47701459940956;0.162011014155902;-Inf
2880;Ctrl;1;main;TSmad2_obs;-1.65461158197595;0.162011014155902;-Inf
2880;Ctrl;1;main;TSmad2_obs;-1.57364066045308;0.162011014155902;-Inf
2880;Ctrl;1;main;TSmad2_obs;-1.60946802940598;0.162011014155902;-Inf
0;OE_R1_noninducible;0;main;TSmad2_obs;-1.31981562526833;0.162011014155902;-Inf
0;OE_R1_noninducible;0;main;TSmad2_obs;-1.34531970133303;0.162011014155902;-Inf
0;OE_R1_noninducible;0;main;TSmad2_obs;-1.47107052709703;0.162011014155902;-Inf
0;OE_R1_noninducible;0;main;TSmad2_obs;-1.27852016790061;0.162011014155902;-Inf
0;OE_R1_noninducible;0;main;TSmad2_obs;-1.15979090470537;0.162011014155902;-Inf
0;OE_R1_noninducible;0;main;TSmad2_obs;-1.02727844177844;0.162011014155902;-Inf
2880;OE_R1_noninducible;0;main;TSmad2_obs;-1.4153992836743;0.162011014155902;-Inf
2880;OE_R1_noninducible;0;main;TSmad2_obs;-1.67874896003066;0.162011014155902;-Inf
2880;OE_R1_noninducible;0;main;TSmad2_obs;-1.64311819918055;0.162011014155902;-Inf
60;OE_R1_noninducible;1;main;TSmad2_obs;-1.71594003078785;0.162011014155902;-Inf
60;OE_R1_noninducible;1;main;TSmad2_obs;-1.49551690095091;0.162011014155902;-Inf
60;OE_R1_noninducible;1;main;TSmad2_obs;-1.3554437130365;0.162011014155902;-Inf
240;OE_R1_noninducible;1;main;TSmad2_obs;-1.38064003039623;0.162011014155902;-Inf
240;OE_R1_noninducible;1;main;TSmad2_obs;-1.51294591981446;0.162011014155902;-Inf
240;OE_R1_noninducible;1;main;TSmad2_obs;-1.53841935972401;0.162011014155902;-Inf
480;OE_R1_noninducible;1;main;TSmad2_obs;-1.76002755486494;0.162011014155902;-Inf
480;OE_R1_noninducible;1;main;TSmad2_obs;-1.72606925233786;0.162011014155902;-Inf
480;OE_R1_noninducible;1;main;TSmad2_obs;-1.4801588863954;0.162011014155902;-Inf
1440;OE_R1_noninducible;1;main;TSmad2_obs;-1.48910216633567;0.162011014155902;-Inf
1440;OE_R1_noninducible;1;main;TSmad2_obs;-1.5760614565591;0.162011014155902;-Inf
1440;OE_R1_noninducible;1;main;TSmad2_obs;-1.47644509010808;0.162011014155902;-Inf
2160;OE_R1_noninducible;1;main;TSmad2_obs;-1.6411774613525;0.162011014155902;-Inf
2160;OE_R1_noninducible;1;main;TSmad2_obs;-1.80080248559122;0.162011014155902;-Inf
2160;OE_R1_noninducible;1;main;TSmad2_obs;-1.5403055579484;0.162011014155902;-Inf
2880;OE_R1_noninducible;1;main;TSmad2_obs;-1.66537545075379;0.162011014155902;-Inf
2880;OE_R1_noninducible;1;main;TSmad2_obs;-1.58361166589661;0.162011014155902;-Inf
2880;OE_R1_noninducible;1;main;TSmad2_obs;-1.63164197971333;0.162011014155902;-Inf
0;OE_R2_noninducible;0;main;TSmad2_obs;-1.70360975650686;0.162011014155902;-Inf
0;OE_R2_noninducible;0;main;TSmad2_obs;-1.27625127928918;0.162011014155902;-Inf
0;OE_R2_noninducible;0;main;TSmad2_obs;-1.23935882865484;0.162011014155902;-Inf
0;OE_R2_noninducible;0;main;TSmad2_obs;-1.14891837147161;0.162011014155902;-Inf
0;OE_R2_noninducible;0;main;TSmad2_obs;-0.871518883893577;0.162011014155902;-Inf
0;OE_R2_noninducible;0;main;TSmad2_obs;-0.793248490456437;0.162011014155902;-Inf
2880;OE_R2_noninducible;0;main;TSmad2_obs;-1.00741003284933;0.162011014155902;-Inf
2880;OE_R2_noninducible;0;main;TSmad2_obs;-1.36291253922294;0.162011014155902;-Inf
2880;OE_R2_noninducible;0;main;TSmad2_obs;-1.36863707502141;0.162011014155902;-Inf
60;OE_R2_noninducible;1;main;TSmad2_obs;-1.20495156521467;0.162011014155902;-Inf
60;OE_R2_noninducible;1;main;TSmad2_obs;-1.27674696075036;0.162011014155902;-Inf
60;OE_R2_noninducible;1;main;TSmad2_obs;-1.1670499679576;0.162011014155902;-Inf
240;OE_R2_noninducible;1;main;TSmad2_obs;-1.4875695407236;0.162011014155902;-Inf
240;OE_R2_noninducible;1;main;TSmad2_obs;-1.42518023316298;0.162011014155902;-Inf
240;OE_R2_noninducible;1;main;TSmad2_obs;-1.51184462656065;0.162011014155902;-Inf
480;OE_R2_noninducible;1;main;TSmad2_obs;-1.37588338865895;0.162011014155902;-Inf
480;OE_R2_noninducible;1;main;TSmad2_obs;-1.38855074265857;0.162011014155902;-Inf
480;OE_R2_noninducible;1;main;TSmad2_obs;-1.37068561590781;0.162011014155902;-Inf
1440;OE_R2_noninducible;1;main;TSmad2_obs;-1.13719780296222;0.162011014155902;-Inf
1440;OE_R2_noninducible;1;main;TSmad2_obs;-1.40551748145707;0.162011014155902;-Inf
1440;OE_R2_noninducible;1;main;TSmad2_obs;-1.3218682395246;0.162011014155902;-Inf
2160;OE_R2_noninducible;1;main;TSmad2_obs;-1.20329679929569;0.162011014155902;-Inf
2160;OE_R2_noninducible;1;main;TSmad2_obs;-1.40660199329266;0.162011014155902;-Inf
2160;OE_R2_noninducible;1;main;TSmad2_obs;-1.37436101076529;0.162011014155902;-Inf
2880;OE_R2_noninducible;1;main;TSmad2_obs;-1.27727234118545;0.162011014155902;-Inf
2880;OE_R2_noninducible;1;main;TSmad2_obs;-1.41099484921989;0.162011014155902;-Inf
2880;OE_R2_noninducible;1;main;TSmad2_obs;-1.32116827815685;0.162011014155902;-Inf
0;Ctrl;0;main;TSmad3_obs;-1.73441021758;0.208561807053241;-Inf
0;Ctrl;0;main;TSmad3_obs;-1.97419438902529;0.208561807053241;-Inf
0;Ctrl;0;main;TSmad3_obs;-2.06213425379954;0.208561807053241;-Inf
0;Ctrl;0;main;TSmad3_obs;-1.81506422833217;0.208561807053241;-Inf
0;Ctrl;0;main;TSmad3_obs;-2.16029509217149;0.208561807053241;-Inf
0;Ctrl;0;main;TSmad3_obs;-1.77987166564392;0.208561807053241;-Inf
0;Ctrl;0;main;TSmad3_obs;-2.27798360378278;0.208561807053241;-Inf
0;Ctrl;0;main;TSmad3_obs;-1.51934634554306;0.208561807053241;-Inf
2880;Ctrl;0;main;TSmad3_obs;-2.00652362992905;0.208561807053241;-Inf
2880;Ctrl;0;main;TSmad3_obs;-1.98642294425126;0.208561807053241;-Inf
2880;Ctrl;0;main;TSmad3_obs;-1.45672941645586;0.208561807053241;-Inf
30;Ctrl;1;main;TSmad3_obs;-1.61634524552719;0.208561807053241;-Inf
30;Ctrl;1;main;TSmad3_obs;-2.06500475163073;0.208561807053241;-Inf
30;Ctrl;1;main;TSmad3_obs;-1.94871876089428;0.208561807053241;-Inf
60;Ctrl;1;main;TSmad3_obs;-1.69522000876032;0.208561807053241;-Inf
60;Ctrl;1;main;TSmad3_obs;-1.67575130470702;0.208561807053241;-Inf
60;Ctrl;1;main;TSmad3_obs;-1.8403835689636;0.208561807053241;-Inf
60;Ctrl;1;main;TSmad3_obs;-1.74128756147982;0.208561807053241;-Inf
60;Ctrl;1;main;TSmad3_obs;-1.5502000342217;0.208561807053241;-Inf
60;Ctrl;1;main;TSmad3_obs;-1.65326377412344;0.208561807053241;-Inf
90;Ctrl;1;main;TSmad3_obs;-1.6630129560542;0.208561807053241;-Inf
90;Ctrl;1;main;TSmad3_obs;-1.66935307102655;0.208561807053241;-Inf
90;Ctrl;1;main;TSmad3_obs;-0.835599520835288;0.208561807053241;-Inf
120;Ctrl;1;main;TSmad3_obs;-1.72324890739106;0.208561807053241;-Inf
120;Ctrl;1;main;TSmad3_obs;-2.16171662752289;0.208561807053241;-Inf
120;Ctrl;1;main;TSmad3_obs;-1.84305683446202;0.208561807053241;-Inf
240;Ctrl;1;main;TSmad3_obs;-1.6894925091447;0.208561807053241;-Inf
240;Ctrl;1;main;TSmad3_obs;-1.73238218825699;0.208561807053241;-Inf
240;Ctrl;1;main;TSmad3_obs;-1.59197776729211;0.208561807053241;-Inf
240;Ctrl;1;main;TSmad3_obs;-1.85139501940306;0.208561807053241;-Inf
240;Ctrl;1;main;TSmad3_obs;-1.69393636778683;0.208561807053241;-Inf
240;Ctrl;1;main;TSmad3_obs;-2.0111577855083;0.208561807053241;-Inf
480;Ctrl;1;main;TSmad3_obs;-1.90373060169769;0.208561807053241;-Inf
480;Ctrl;1;main;TSmad3_obs;-1.77526775987684;0.208561807053241;-Inf
480;Ctrl;1;main;TSmad3_obs;-1.6500402322503;0.208561807053241;-Inf
1440;Ctrl;1;main;TSmad3_obs;-1.8414810100874;0.208561807053241;-Inf
1440;Ctrl;1;main;TSmad3_obs;-1.78841511493143;0.208561807053241;-Inf
1440;Ctrl;1;main;TSmad3_obs;-1.83890228182908;0.208561807053241;-Inf
2160;Ctrl;1;main;TSmad3_obs;-1.94807853813764;0.208561807053241;-Inf
2160;Ctrl;1;main;TSmad3_obs;-2.10611662499584;0.208561807053241;-Inf
2160;Ctrl;1;main;TSmad3_obs;-2.05222632391151;0.208561807053241;-Inf
2880;Ctrl;1;main;TSmad3_obs;-1.81238719812712;0.208561807053241;-Inf
2880;Ctrl;1;main;TSmad3_obs;-1.94141412048754;0.208561807053241;-Inf
2880;Ctrl;1;main;TSmad3_obs;-2.05852847582083;0.208561807053241;-Inf
0;OE_R1_noninducible;0;main;TSmad3_obs;-2.04204855888907;0.208561807053241;-Inf
0;OE_R1_noninducible;0;main;TSmad3_obs;-1.59989514664173;0.208561807053241;-Inf
0;OE_R1_noninducible;0;main;TSmad3_obs;-1.87057974092936;0.208561807053241;-Inf
0;OE_R1_noninducible;0;main;TSmad3_obs;-1.79947905189327;0.208561807053241;-Inf
0;OE_R1_noninducible;0;main;TSmad3_obs;-1.67181043813083;0.208561807053241;-Inf
0;OE_R1_noninducible;0;main;TSmad3_obs;-1.67953006701559;0.208561807053241;-Inf
2880;OE_R1_noninducible;0;main;TSmad3_obs;-1.85918001407075;0.208561807053241;-Inf
2880;OE_R1_noninducible;0;main;TSmad3_obs;-1.85216499132191;0.208561807053241;-Inf
2880;OE_R1_noninducible;0;main;TSmad3_obs;-2.02896998389223;0.208561807053241;-Inf
60;OE_R1_noninducible;1;main;TSmad3_obs;-1.73756236512818;0.208561807053241;-Inf
60;OE_R1_noninducible;1;main;TSmad3_obs;-1.45100852327819;0.208561807053241;-Inf
60;OE_R1_noninducible;1;main;TSmad3_obs;-1.30750383683991;0.208561807053241;-Inf
240;OE_R1_noninducible;1;main;TSmad3_obs;-1.57559417410698;0.208561807053241;-Inf
240;OE_R1_noninducible;1;main;TSmad3_obs;-1.71908637171118;0.208561807053241;-Inf
240;OE_R1_noninducible;1;main;TSmad3_obs;-1.54694341067674;0.208561807053241;-Inf
480;OE_R1_noninducible;1;main;TSmad3_obs;-1.69088531301194;0.208561807053241;-Inf
480;OE_R1_noninducible;1;main;TSmad3_obs;-1.7574619939742;0.208561807053241;-Inf
480;OE_R1_noninducible;1;main;TSmad3_obs;-1.48202275125387;0.208561807053241;-Inf
1440;OE_R1_noninducible;1;main;TSmad3_obs;-1.52874830406832;0.208561807053241;-Inf
1440;OE_R1_noninducible;1;main;TSmad3_obs;-1.3724202171296;0.208561807053241;-Inf
1440;OE_R1_noninducible;1;main;TSmad3_obs;-1.51822488937885;0.208561807053241;-Inf
2160;OE_R1_noninducible;1;main;TSmad3_obs;-1.78090860449662;0.208561807053241;-Inf
2160;OE_R1_noninducible;1;main;TSmad3_obs;-2.19201470371545;0.208561807053241;-Inf
2160;OE_R1_noninducible;1;main;TSmad3_obs;-1.90990674907079;0.208561807053241;-Inf
2880;OE_R1_noninducible;1;main;TSmad3_obs;-1.92619896529022;0.208561807053241;-Inf
2880;OE_R1_noninducible;1;main;TSmad3_obs;-2.27747574443094;0.208561807053241;-Inf
2880;OE_R1_noninducible;1;main;TSmad3_obs;-2.12833420399463;0.208561807053241;-Inf
0;OE_R2_noninducible;0;main;TSmad3_obs;-1.95095531693286;0.208561807053241;-Inf
0;OE_R2_noninducible;0;main;TSmad3_obs;-1.88805162376229;0.208561807053241;-Inf
0;OE_R2_noninducible;0;main;TSmad3_obs;-1.43130512731098;0.208561807053241;-Inf
0;OE_R2_noninducible;0;main;TSmad3_obs;-1.85682973432068;0.208561807053241;-Inf
0;OE_R2_noninducible;0;main;TSmad3_obs;-1.78992499651212;0.208561807053241;-Inf
0;OE_R2_noninducible;0;main;TSmad3_obs;-1.63854183214516;0.208561807053241;-Inf
2880;OE_R2_noninducible;0;main;TSmad3_obs;-1.5557196966001;0.208561807053241;-Inf
2880;OE_R2_noninducible;0;main;TSmad3_obs;-1.74266757687811;0.208561807053241;-Inf
2880;OE_R2_noninducible;0;main;TSmad3_obs;-1.02170024566446;0.208561807053241;-Inf
60;OE_R2_noninducible;1;main;TSmad3_obs;-1.32546045656409;0.208561807053241;-Inf
60;OE_R2_noninducible;1;main;TSmad3_obs;-1.11060868127381;0.208561807053241;-Inf
60;OE_R2_noninducible;1;main;TSmad3_obs;-1.5559642313913;0.208561807053241;-Inf
240;OE_R2_noninducible;1;main;TSmad3_obs;-1.21557199331887;0.208561807053241;-Inf
240;OE_R2_noninducible;1;main;TSmad3_obs;-1.5261088303742;0.208561807053241;-Inf
240;OE_R2_noninducible;1;main;TSmad3_obs;-1.41698566378778;0.208561807053241;-Inf
480;OE_R2_noninducible;1;main;TSmad3_obs;-1.62006837061147;0.208561807053241;-Inf
480;OE_R2_noninducible;1;main;TSmad3_obs;-1.59913888474561;0.208561807053241;-Inf
480;OE_R2_noninducible;1;main;TSmad3_obs;-1.48356900915233;0.208561807053241;-Inf
1440;OE_R2_noninducible;1;main;TSmad3_obs;-1.47388349804796;0.208561807053241;-Inf
1440;OE_R2_noninducible;1;main;TSmad3_obs;-1.37967228748092;0.208561807053241;-Inf
1440;OE_R2_noninducible;1;main;TSmad3_obs;-1.33063098498207;0.208561807053241;-Inf
2160;OE_R2_noninducible;1;main;TSmad3_obs;-1.52645748840495;0.208561807053241;-Inf
2160;OE_R2_noninducible;1;main;TSmad3_obs;-1.41586317174917;0.208561807053241;-Inf
2160;OE_R2_noninducible;1;main;TSmad3_obs;-1.96796467599387;0.208561807053241;-Inf
2880;OE_R2_noninducible;1;main;TSmad3_obs;-1.35530918121294;0.208561807053241;-Inf
2880;OE_R2_noninducible;1;main;TSmad3_obs;-1.8797701849548;0.208561807053241;-Inf
2880;OE_R2_noninducible;1;main;TSmad3_obs;-2.07453368319691;0.208561807053241;-Inf
0;Ctrl;0;main;TSmad4_obs;-0.823887036600322;0.192962141449469;-Inf
0;Ctrl;0;main;TSmad4_obs;-1.12340680283596;0.192962141449469;-Inf
0;Ctrl;0;main;TSmad4_obs;-0.586885604087729;0.192962141449469;-Inf
0;Ctrl;0;main;TSmad4_obs;-0.45892935738079;0.192962141449469;-Inf
0;Ctrl;0;main;TSmad4_obs;-1.23052360496855;0.192962141449469;-Inf
30;Ctrl;1;main;TSmad4_obs;-0.964264698570334;0.192962141449469;-Inf
30;Ctrl;1;main;TSmad4_obs;-0.784647265376399;0.192962141449469;-Inf
30;Ctrl;1;main;TSmad4_obs;-0.846022044092831;0.192962141449469;-Inf
60;Ctrl;1;main;TSmad4_obs;-0.769874569670212;0.192962141449469;-Inf
60;Ctrl;1;main;TSmad4_obs;-1.08890128440929;0.192962141449469;-Inf
60;Ctrl;1;main;TSmad4_obs;-0.756383624611567;0.192962141449469;-Inf
90;Ctrl;1;main;TSmad4_obs;-0.972505161019263;0.192962141449469;-Inf
90;Ctrl;1;main;TSmad4_obs;-0.84364596309217;0.192962141449469;-Inf
120;Ctrl;1;main;TSmad4_obs;-0.794775531244527;0.192962141449469;-Inf
120;Ctrl;1;main;TSmad4_obs;-1.10593780583071;0.192962141449469;-Inf
120;Ctrl;1;main;TSmad4_obs;-0.9886208133226;0.192962141449469;-Inf
240;Ctrl;1;main;TSmad4_obs;-0.890547227460033;0.192962141449469;-Inf
240;Ctrl;1;main;TSmad4_obs;-0.971481221281917;0.192962141449469;-Inf
240;Ctrl;1;main;TSmad4_obs;-1.06937935991142;0.192962141449469;-Inf
0;OE_R1_noninducible;0;main;TSmad4_obs;-0.971777699113991;0.192962141449469;-Inf
0;OE_R1_noninducible;0;main;TSmad4_obs;-1.09939515526298;0.192962141449469;-Inf
0;OE_R1_noninducible;0;main;TSmad4_obs;-1.06038323968828;0.192962141449469;-Inf
0;OE_R2_noninducible;0;main;TSmad4_obs;-0.959436182058873;0.192962141449469;-Inf
0;OE_R2_noninducible;0;main;TSmad4_obs;-0.765706545830844;0.192962141449469;-Inf
0;OE_R2_noninducible;0;main;TSmad4_obs;-0.805551892612198;0.192962141449469;-Inf
0;ActD;0;main;pSmad2_obs;-2.44447520322515;0.432405867394944;-Inf
15;ActD;1;main;pSmad2_obs;1.23414821756164;0.56999419041063;-Inf
30;ActD;1;main;pSmad2_obs;2.59215844314977;0.569994190410631;-Inf
60;ActD;1;main;pSmad2_obs;2.95932466115874;0.432405867394944;-Inf
90;ActD;1;main;pSmad2_obs;2.40265487763751;0.496434566883161;-Inf
120;ActD;1;main;pSmad2_obs;2.84673993519758;0.432405867394944;-Inf
180;ActD;1;main;pSmad2_obs;2.57264014841634;0.499774632263568;-Inf
240;ActD;1;main;pSmad2_obs;2.58768421648855;0.457535639500382;-Inf
0;CHX;0;main;pSmad2_obs;-0.869773440396655;0.566851712691314;-Inf
60;CHX;1;main;pSmad2_obs;1.77348293005302;0.566851712691316;-Inf
90;CHX;1;main;pSmad2_obs;1.77978423295863;0.566851712691316;-Inf
120;CHX;1;main;pSmad2_obs;0.809367140828153;0.566851712691315;-Inf
180;CHX;1;main;pSmad2_obs;0.0653801123193449;0.566851712691314;-Inf
240;CHX;1;main;pSmad2_obs;-0.611084700436315;0.566851712691314;-Inf
0;Ctrl;0;main;pSmad2_obs;-3.18555904397798;0.318187201148627;-Inf
240;Ctrl;0;main;pSmad2_obs;-3.43134399304539;0.508326088573618;-Inf
2880;Ctrl;0;main;pSmad2_obs;-3.15558128145164;0.416558636307492;-Inf
60;Ctrl;0.1;main;pSmad2_obs;1.67512953110894;0.495273342841118;-Inf
90;Ctrl;0.1;main;pSmad2_obs;1.55996849780589;0.494591729489006;-Inf
240;Ctrl;0.1;main;pSmad2_obs;0.321999306884131;0.49527334284111;-Inf
5;Ctrl;1;main;pSmad2_obs;-2.13446816166494;0.570283210713707;-Inf
10;Ctrl;1;main;pSmad2_obs;1.25656248712546;0.359670819403632;-Inf
15;Ctrl;1;main;pSmad2_obs;1.51537591280027;0.373619065380602;-Inf
20;Ctrl;1;main;pSmad2_obs;1.92230162335415;0.359670819403631;-Inf
30;Ctrl;1;main;pSmad2_obs;2.7457141192827;0.373619065380603;-Inf
40;Ctrl;1;main;pSmad2_obs;2.25221997107976;0.359670819403631;-Inf
50;Ctrl;1;main;pSmad2_obs;2.92745797389069;0.570283210713708;-Inf
60;Ctrl;1;main;pSmad2_obs;2.36128081025777;0.318197053538007;-Inf
75;Ctrl;1;main;pSmad2_obs;2.7062123645286;0.570283210713707;-Inf
90;Ctrl;1;main;pSmad2_obs;2.35244630313224;0.327203885595232;-Inf
120;Ctrl;1;main;pSmad2_obs;2.0249430366284;0.329596963560122;-Inf
180;Ctrl;1;main;pSmad2_obs;1.31464677923419;0.341579338253702;-Inf
240;Ctrl;1;main;pSmad2_obs;1.28186404147672;0.320109772474633;-Inf
480;Ctrl;1;main;pSmad2_obs;1.27490988593168;0.416558636307492;-Inf
1440;Ctrl;1;main;pSmad2_obs;0.759360371597882;0.416558636307492;-Inf
2160;Ctrl;1;main;pSmad2_obs;-1.45015320930203;0.416558636307492;-Inf
2880;Ctrl;1;main;pSmad2_obs;-2.1305024546942;0.416558636307492;-Inf
60;Ctrl;10;main;pSmad2_obs;2.39041885466332;0.494373747658488;-Inf
90;Ctrl;10;main;pSmad2_obs;1.92097117161735;0.494693706668141;-Inf
240;Ctrl;10;main;pSmad2_obs;1.85859081118119;0.494373747658488;-Inf
0;MG132;0;main;pSmad2_obs;-1.75664184215088;0.501541176132513;-Inf
60;MG132;1;main;pSmad2_obs;3.23560390164286;0.501541176132516;-Inf
90;MG132;1;main;pSmad2_obs;2.90933393769273;0.570530290670493;-Inf
120;MG132;1;main;pSmad2_obs;2.88105529937757;0.501541176132518;-Inf
180;MG132;1;main;pSmad2_obs;3.11040688177829;0.501541176132512;-Inf
240;MG132;1;main;pSmad2_obs;2.9166726165972;0.501541176132517;-Inf
0;OE_R1_noninducible;0;main;pSmad2_obs;-1.43109910779876;0.37429947240742;-Inf
2880;OE_R1_noninducible;0;main;pSmad2_obs;-3.04536151579642;0.497429597669743;-Inf
60;OE_R1_noninducible;0.1;main;pSmad2_obs;1.35177867593341;0.495615066684287;-Inf
90;OE_R1_noninducible;0.1;main;pSmad2_obs;1.48623591539951;0.494591729489006;-Inf
240;OE_R1_noninducible;0.1;main;pSmad2_obs;-0.0330557194593116;0.495615066684291;-Inf
10;OE_R1_noninducible;1;main;pSmad2_obs;0.971799859047374;0.491280682370555;-Inf
20;OE_R1_noninducible;1;main;pSmad2_obs;1.74786194963461;0.491280682370551;-Inf
40;OE_R1_noninducible;1;main;pSmad2_obs;2.01564870473165;0.491280682370553;-Inf
60;OE_R1_noninducible;1;main;pSmad2_obs;1.79631328999057;0.374563224373806;-Inf
90;OE_R1_noninducible;1;main;pSmad2_obs;2.06469424977219;0.407263027405868;-Inf
120;OE_R1_noninducible;1;main;pSmad2_obs;1.99849278839484;0.491280682370549;-Inf
180;OE_R1_noninducible;1;main;pSmad2_obs;1.81396329720293;0.491280682370549;-Inf
240;OE_R1_noninducible;1;main;pSmad2_obs;1.7903970759559;0.374563224373806;-Inf
480;OE_R1_noninducible;1;main;pSmad2_obs;1.2447959312553;0.497429597669747;-Inf
1440;OE_R1_noninducible;1;main;pSmad2_obs;1.16791235166325;0.497429597669739;-Inf
2160;OE_R1_noninducible;1;main;pSmad2_obs;-1.04268637059557;0.497429597669734;-Inf
2880;OE_R1_noninducible;1;main;pSmad2_obs;-1.59124803892017;0.497429597669743;-Inf
60;OE_R1_noninducible;10;main;pSmad2_obs;2.02863130073165;0.495615066684287;-Inf
90;OE_R1_noninducible;10;main;pSmad2_obs;1.87083015989135;0.495615066684287;-Inf
240;OE_R1_noninducible;10;main;pSmad2_obs;1.71711328165389;0.495615066684287;-Inf
0;OE_R2_noninducible;0;main;pSmad2_obs;-1.45865133616229;0.378953097442309;-Inf
2880;OE_R2_noninducible;0;main;pSmad2_obs;-2.12619393759539;0.505672472002235;-Inf
60;OE_R2_noninducible;0.1;main;pSmad2_obs;0.346517255204581;0.497189786147699;-Inf
90;OE_R2_noninducible;0.1;main;pSmad2_obs;0.559846022292328;0.497189786147699;-Inf
240;OE_R2_noninducible;0.1;main;pSmad2_obs;-0.394015238844;0.497189786147699;-Inf
10;OE_R2_noninducible;1;main;pSmad2_obs;1.18891842837599;0.499620734397043;-Inf
20;OE_R2_noninducible;1;main;pSmad2_obs;1.90012631032026;0.499620734397034;-Inf
40;OE_R2_noninducible;1;main;pSmad2_obs;2.20301577295289;0.499620734397042;-Inf
60;OE_R2_noninducible;1;main;pSmad2_obs;2.1177921853156;0.378953097442309;-Inf
90;OE_R2_noninducible;1;main;pSmad2_obs;1.82838479150571;0.411463819682731;-Inf
120;OE_R2_noninducible;1;main;pSmad2_obs;1.98632012232027;0.499620734397037;-Inf
180;OE_R2_noninducible;1;main;pSmad2_obs;1.76254555026098;0.499620734397039;-Inf
240;OE_R2_noninducible;1;main;pSmad2_obs;1.23760577303698;0.378953097442309;-Inf
480;OE_R2_noninducible;1;main;pSmad2_obs;0.723264538337269;0.505672472002241;-Inf
1440;OE_R2_noninducible;1;main;pSmad2_obs;-0.856279315325764;0.505672472002228;-Inf
2160;OE_R2_noninducible;1;main;pSmad2_obs;-1.1363932424668;0.505672472002235;-Inf
2880;OE_R2_noninducible;1;main;pSmad2_obs;-1.57730261512998;0.505672472002234;-Inf
60;OE_R2_noninducible;10;main;pSmad2_obs;1.79745620908889;0.497189786147698;-Inf
90;OE_R2_noninducible;10;main;pSmad2_obs;1.63022409730246;0.497189786147698;-Inf
240;OE_R2_noninducible;10;main;pSmad2_obs;0.505768116169545;0.497189786147698;-Inf
0;R1Knd;0;main;pSmad2_obs;-2.62270008135646;0.572692280723468;-Inf
10;R1Knd;1;main;pSmad2_obs;0.910044978566231;0.572692280723468;-Inf
20;R1Knd;1;main;pSmad2_obs;1.14627479348514;0.572692280723467;-Inf
40;R1Knd;1;main;pSmad2_obs;1.54254040017121;0.572692280723467;-Inf
60;R1Knd;1;main;pSmad2_obs;1.52496145544116;0.740220405408576;-Inf
90;R1Knd;1;main;pSmad2_obs;0.634853970630547;0.740220405408576;-Inf
120;R1Knd;1;main;pSmad2_obs;0.878032029786473;0.572692280723468;-Inf
180;R1Knd;1;main;pSmad2_obs;0.632070589121459;0.572692280723468;-Inf
240;R1Knd;1;main;pSmad2_obs;0.514874328382942;0.572692280723467;-Inf
0;R2Knd;0;main;pSmad2_obs;-2.91404999321125;0.744567813552952;-Inf
10;R2Knd;1;main;pSmad2_obs;0.735134799354936;0.744567813552933;-Inf
20;R2Knd;1;main;pSmad2_obs;1.16429481034945;0.744567813552931;-Inf
40;R2Knd;1;main;pSmad2_obs;1.34260225711223;0.744567813552928;-Inf
60;R2Knd;1;main;pSmad2_obs;1.4168590891926;0.744567813552929;-Inf
90;R2Knd;1;main;pSmad2_obs;1.3787848362772;0.744567813552928;-Inf
120;R2Knd;1;main;pSmad2_obs;1.2993133971635;0.744567813552932;-Inf
180;R2Knd;1;main;pSmad2_obs;1.07935046557037;0.744567813552932;-Inf
240;R2Knd;1;main;pSmad2_obs;0.910684511673282;0.744567813552933;-Inf
0;ActD;0;main;pSmad3_obs;-3.50291072562867;0.602539518683807;-Inf
15;ActD;1;main;pSmad3_obs;1.93337550143517;0.766235916253891;-Inf
30;ActD;1;main;pSmad3_obs;2.50597000319687;0.766235916253892;-Inf
60;ActD;1;main;pSmad3_obs;3.05712311908969;0.602539518683806;-Inf
90;ActD;1;main;pSmad3_obs;2.74321477757745;0.677991774110022;-Inf
120;ActD;1;main;pSmad3_obs;3.07203465541625;0.602539518683808;-Inf
180;ActD;1;main;pSmad3_obs;2.89450051004756;0.681965595397323;-Inf
240;ActD;1;main;pSmad3_obs;2.87224911857314;0.631970325622776;-Inf
0;CHX;0;main;pSmad3_obs;-3.61710844500641;0.762436094915044;-Inf
60;CHX;1;main;pSmad3_obs;1.95857025804794;0.762436094915044;-Inf
90;CHX;1;main;pSmad3_obs;1.46394162282915;0.762436094915044;-Inf
120;CHX;1;main;pSmad3_obs;0.969401837900773;0.762436094915044;-Inf
180;CHX;1;main;pSmad3_obs;-0.346939163760553;0.762436094915042;-Inf
240;CHX;1;main;pSmad3_obs;-1.62342046780807;0.762436094915044;-Inf
0;Ctrl;0;main;pSmad3_obs;-3.62135167316708;0.473066417604929;-Inf
240;Ctrl;0;main;pSmad3_obs;-2.76157944897232;0.692162141693035;-Inf
2880;Ctrl;0;main;pSmad3_obs;-2.44225875141697;0.584125098556473;-Inf
60;Ctrl;0.1;main;pSmad3_obs;1.47955248251428;0.676612466027286;-Inf
90;Ctrl;0.1;main;pSmad3_obs;1.41562127864521;0.675802242462006;-Inf
240;Ctrl;0.1;main;pSmad3_obs;0.119264967387709;0.676612466027283;-Inf
5;Ctrl;1;main;pSmad3_obs;-0.191892384477179;0.766594554207762;-Inf
10;Ctrl;1;main;pSmad3_obs;1.96026398596839;0.519148139142058;-Inf
15;Ctrl;1;main;pSmad3_obs;2.11339085001971;0.534863701857894;-Inf
20;Ctrl;1;main;pSmad3_obs;2.30157101717116;0.519148139142064;-Inf
30;Ctrl;1;main;pSmad3_obs;2.70672280863445;0.534863701857893;-Inf
40;Ctrl;1;main;pSmad3_obs;2.50527652225708;0.519148139142067;-Inf
50;Ctrl;1;main;pSmad3_obs;2.9930091790659;0.766594554207762;-Inf
60;Ctrl;1;main;pSmad3_obs;2.56658266473367;0.473077121575986;-Inf
75;Ctrl;1;main;pSmad3_obs;2.9416133808587;0.766594554207765;-Inf
90;Ctrl;1;main;pSmad3_obs;2.42369064404088;0.482915715538826;-Inf
120;Ctrl;1;main;pSmad3_obs;2.29292705247595;0.485598271968598;-Inf
180;Ctrl;1;main;pSmad3_obs;1.72546651238025;0.498815104303149;-Inf
240;Ctrl;1;main;pSmad3_obs;1.63714883637818;0.475133432264051;-Inf
480;Ctrl;1;main;pSmad3_obs;1.0910443537001;0.584125098556473;-Inf
1440;Ctrl;1;main;pSmad3_obs;0.401969460130588;0.584125098556473;-Inf
2160;Ctrl;1;main;pSmad3_obs;-2.02258829853894;0.584125098556473;-Inf
2880;Ctrl;1;main;pSmad3_obs;-3.03378114288992;0.584125098556473;-Inf
60;Ctrl;10;main;pSmad3_obs;2.26058683293944;0.675542641277913;-Inf
90;Ctrl;10;main;pSmad3_obs;1.75681565666835;0.675922925265927;-Inf
240;Ctrl;10;main;pSmad3_obs;1.96766145528371;0.675542641277913;-Inf
0;MG132;0;main;pSmad3_obs;-3.32245607306992;0.684067877113278;-Inf
60;MG132;1;main;pSmad3_obs;3.47965099419549;0.684067877113279;-Inf
90;MG132;1;main;pSmad3_obs;3.1369746239531;0.766880304354518;-Inf
120;MG132;1;main;pSmad3_obs;3.2574936269921;0.684067877113279;-Inf
180;MG132;1;main;pSmad3_obs;3.29103962801449;0.684067877113279;-Inf
240;MG132;1;main;pSmad3_obs;3.29918871941965;0.684067877113278;-Inf
0;OE_R1_noninducible;0;main;pSmad3_obs;-2.08856589277007;0.535637317974172;-Inf
2880;OE_R1_noninducible;0;main;pSmad3_obs;-1.35424892804404;0.679179301129776;-Inf
60;OE_R1_noninducible;0.1;main;pSmad3_obs;0.904461557686949;0.677019371101719;-Inf
90;OE_R1_noninducible;0.1;main;pSmad3_obs;1.49783750343797;0.675802242462005;-Inf
240;OE_R1_noninducible;0.1;main;pSmad3_obs;-1.08018670080814;0.677019371101719;-Inf
10;OE_R1_noninducible;1;main;pSmad3_obs;1.53837146026333;0.671871924477366;-Inf
20;OE_R1_noninducible;1;main;pSmad3_obs;2.18572472101212;0.671871924477366;-Inf
40;OE_R1_noninducible;1;main;pSmad3_obs;2.55674267631591;0.671871924477364;-Inf
60;OE_R1_noninducible;1;main;pSmad3_obs;1.93804972724326;0.535936870998248;-Inf
90;OE_R1_noninducible;1;main;pSmad3_obs;1.94205134788869;0.573378042744716;-Inf
120;OE_R1_noninducible;1;main;pSmad3_obs;2.20916369843236;0.671871924477363;-Inf
180;OE_R1_noninducible;1;main;pSmad3_obs;2.00454226739164;0.671871924477361;-Inf
240;OE_R1_noninducible;1;main;pSmad3_obs;2.05938283732341;0.535936870998243;-Inf
480;OE_R1_noninducible;1;main;pSmad3_obs;1.87818951298543;0.679179301129776;-Inf
1440;OE_R1_noninducible;1;main;pSmad3_obs;1.82860529802174;0.679179301129776;-Inf
2160;OE_R1_noninducible;1;main;pSmad3_obs;-1.40478792341809;0.679179301129776;-Inf
2880;OE_R1_noninducible;1;main;pSmad3_obs;-2.11384385243519;0.679179301129776;-Inf
60;OE_R1_noninducible;10;main;pSmad3_obs;2.1009647117059;0.677019371101718;-Inf
90;OE_R1_noninducible;10;main;pSmad3_obs;1.79289518236531;0.677019371101717;-Inf
240;OE_R1_noninducible;10;main;pSmad3_obs;1.88659207571654;0.67701937110172;-Inf
0;OE_R2_noninducible;0;main;pSmad3_obs;-2.08635638755614;0.540926608556192;-Inf
2880;OE_R2_noninducible;0;main;pSmad3_obs;-3.29338468140574;0.688997378589989;-Inf
60;OE_R2_noninducible;0.1;main;pSmad3_obs;0.642651138920256;0.678892153702058;-Inf
90;OE_R2_noninducible;0.1;main;pSmad3_obs;0.499438104886935;0.678892153702058;-Inf
240;OE_R2_noninducible;0.1;main;pSmad3_obs;-0.978676308074847;0.67889215370206;-Inf
10;OE_R2_noninducible;1;main;pSmad3_obs;1.71101186301331;0.681789146464031;-Inf
20;OE_R2_noninducible;1;main;pSmad3_obs;2.19274619070818;0.681789146464031;-Inf
40;OE_R2_noninducible;1;main;pSmad3_obs;2.51259903256217;0.681789146464029;-Inf
60;OE_R2_noninducible;1;main;pSmad3_obs;2.73682253002445;0.540926608556198;-Inf
90;OE_R2_noninducible;1;main;pSmad3_obs;2.04739724258138;0.578229108738309;-Inf
120;OE_R2_noninducible;1;main;pSmad3_obs;1.8853209139329;0.68178914646403;-Inf
180;OE_R2_noninducible;1;main;pSmad3_obs;1.6226112309496;0.681789146464029;-Inf
240;OE_R2_noninducible;1;main;pSmad3_obs;1.37281548663938;0.540926608556193;-Inf
480;OE_R2_noninducible;1;main;pSmad3_obs;-0.0286185502606578;0.688997378589987;-Inf
1440;OE_R2_noninducible;1;main;pSmad3_obs;-2.38508566509817;0.688997378589988;-Inf
2160;OE_R2_noninducible;1;main;pSmad3_obs;-2.92298202663092;0.688997378589988;-Inf
2880;OE_R2_noninducible;1;main;pSmad3_obs;-2.76330230471549;0.688997378589987;-Inf
60;OE_R2_noninducible;10;main;pSmad3_obs;1.89529304759147;0.678892153702058;-Inf
90;OE_R2_noninducible;10;main;pSmad3_obs;1.68523791215935;0.678892153702058;-Inf
240;OE_R2_noninducible;10;main;pSmad3_obs;0.288038424278502;0.678892153702059;-Inf
0;R1Knd;0;main;pSmad3_obs;-3.90705317883123;0.769756134730771;-Inf
10;R1Knd;1;main;pSmad3_obs;0.878626101029432;0.76975613473077;-Inf
20;R1Knd;1;main;pSmad3_obs;1.05216765084718;0.975308789557162;-Inf
40;R1Knd;1;main;pSmad3_obs;1.68114462219631;0.975308789557167;-Inf
60;R1Knd;1;main;pSmad3_obs;0.600715825214957;0.97530878955716;-Inf
90;R1Knd;1;main;pSmad3_obs;-0.0879666518542735;0.975308789557159;-Inf
120;R1Knd;1;main;pSmad3_obs;0.135995307480742;0.769756134730771;-Inf
180;R1Knd;1;main;pSmad3_obs;-0.147771792029899;0.769756134730771;-Inf
240;R1Knd;1;main;pSmad3_obs;-0.00886746256016957;0.769756134730771;-Inf
0;R2Knd;0;main;pSmad3_obs;-3.5161119871483;0.979772283203058;-Inf
10;R2Knd;1;main;pSmad3_obs;0.572012483744767;0.979772283203045;-Inf
20;R2Knd;1;main;pSmad3_obs;1.39193466842951;0.979772283203056;-Inf
40;R2Knd;1;main;pSmad3_obs;1.8096716442495;0.979772283203048;-Inf
60;R2Knd;1;main;pSmad3_obs;1.82432683184093;0.979772283203054;-Inf
90;R2Knd;1;main;pSmad3_obs;1.86139136849687;0.979772283203039;-Inf
120;R2Knd;1;main;pSmad3_obs;1.48876057452365;0.979772283203059;-Inf
180;R2Knd;1;main;pSmad3_obs;1.30711957528642;0.979772283203032;-Inf
240;R2Knd;1;main;pSmad3_obs;1.11046689951184;0.979772283203049;-Inf
